,a1_berm,a1_t,a1_$,a1_c,a1_p,a2_piles,a2_t,a2_$,a2_c,a2_p,a3_piers,a3_t,a3_$,a3_c,a3_p,a4_abutment_base,a4_t,a4_$,a4_c,a4_p,a5_abutment,a5_t,a5_$,a5_c,a5_p,a6_girders,a6_t,a6_$,a6_c,a6_p,a7_abutment_base2,a7_t,a7_$,a7_c,a7_p,a8_abutment2,a8_t,a8_$,a8_c,a8_p,a9_remove_berm,a9_t,a9_$,a9_c,a9_p,a10_berm2,a10_t,a10_$,a10_c,a10_p,a11_piles2,a11_t,a11_$,a11_c,a11_p,a12_piers2,a12_t,a12_$,a12_c,a12_p,a13_girders2,a13_t,a13_$,a13_c,a13_p,a14_remove_berm2,a14_t,a14_$,a14_c,a14_p,a15_deck,a15_t,a15_$,a15_c,a15_p,total_t,temp_$,indirect_$,bonus,total_$,reward
0,2,46,965477.0,1,241.3,2,11,99682.0,1,74,1,63,2908288.0,2,3.3399387336191966,0,30,456323.0,1,87.5,1,22,564096.0,1,5.559615060663784,1,257.14285714285717,3704586.0,1,1.26,2,11,330695.0,1,241.3,1,22,564096.0,1,5.559615060663784,2,23,1015370.0,2,241.3,1,34,1136896.0,2,165.0,0,9,86450.0,1,90,2,64,3096687.0,2,3.317554032178896,1,0.0,0.0,0,0.0,0,64,1554311.0,2,87.5,0,109,5488468.0,2,41.68410390418855,607,293333.0,6070000,-270000,28064758.0,0.531561658898761
1,0,64,1554311.0,2,87.5,0,9,86450.0,1,90,2,127,2984240.0,1,3.317554032178896,1,16,612761.0,1,165.0,1,22,564096.0,1,5.559615060663784,0,50.31055900621118,950122.0,2,1.61,0,30,869579.0,1,87.5,1,22,564096.0,1,5.559615060663784,0,43,1599658.0,3,87.5,2,46,965477.0,1,241.3,1,39,415286.0,1,20,2,64,3096687.0,2,3.317554032178896,0,50.31055900621118,950122.0,2,1.61,0,22,1728875.0,6,87.5,1,25,5950501.0,5,74.31094168442486,638,1170278.0,6380000,40000,30482539.0,0.04031718818541463
2,2,46,965477.0,1,241.3,1,20,456591.0,2,20,1,63,2908288.0,2,3.3399387336191966,0,30,456323.0,1,87.5,1,22,564096.0,1,5.559615060663784,1,257.14285714285717,3704586.0,1,1.26,1,16,332582.0,1,165.0,1,22,564096.0,1,5.559615060663784,0,26,1678737.0,5,87.5,0,43,1599658.0,3,87.5,2,11,99682.0,1,74,1,63,2908288.0,2,3.3399387336191966,1,0.0,0.0,0,0.0,0,64,1554311.0,2,87.5,0,109,5488468.0,2,41.68410390418855,607,293333.0,6070000,-270000,29374516.0,0.2654451762758224
3,0,64,1554311.0,2,87.5,0,9,86450.0,1,90,1,126,2827968.0,1,3.3399387336191966,0,30,869579.0,1,87.5,2,23,613872.0,1,5.497865533349213,0,50.31055900621118,950122.0,2,1.61,2,11,597141.0,1,241.3,2,23,613872.0,1,5.497865533349213,0,43,1599658.0,3,87.5,0,64,1554311.0,2,87.5,2,11,99682.0,1,74,2,64,3096687.0,2,3.317554032178896,0,50.31055900621118,950122.0,2,1.61,2,16,1105070.0,3,241.3,1,31,5734738.0,4,74.31094168442486,644,901389.0,6440000,100000,29694972.0,0.20033496236194182
4,0,64,1554311.0,2,87.5,0,9,86450.0,1,90,1,126,2827968.0,1,3.3399387336191966,2,11,597141.0,1,241.3,0,43,652978.0,1,2.91,0,50.31055900621118,950122.0,2,1.61,0,30,869579.0,1,87.5,1,22,564096.0,1,5.559615060663784,1,34,1136896.0,2,165.0,2,46,965477.0,1,241.3,0,9,86450.0,1,90,0,72,2083844.0,2,2.91,0,50.31055900621118,950122.0,2,1.61,0,13,1840568.0,10,87.5,1,31,5734738.0,4,74.31094168442486,652,1063333.0,6520000,180000,28664073.0,0.40979290483643305
5,2,46,965477.0,1,241.3,2,11,99682.0,1,74,0,144,2016074.0,1,2.91,2,11,330695.0,1,241.3,0,43,652978.0,1,2.91,0,50.31055900621118,950122.0,2,1.61,0,30,456323.0,1,87.5,2,23,613872.0,1,5.497865533349213,2,46,965477.0,1,241.3,1,68,1093829.0,1,165.0,2,11,99682.0,1,74,0,72,2083844.0,2,2.91,0,50.31055900621118,950122.0,2,1.61,1,14,1296801.0,5,165.0,0,28,6230115.0,8,41.68410390418855,649,1090833.0,6490000,150000,26535926.0,0.8421895721173802
6,0,64,1554311.0,2,87.5,1,20,456591.0,2,20,1,126,2827968.0,1,3.3399387336191966,1,16,612761.0,1,165.0,0,43,652978.0,1,2.91,0,50.31055900621118,950122.0,2,1.61,2,11,597141.0,1,241.3,2,23,613872.0,1,5.497865533349213,1,34,1136896.0,2,165.0,0,64,1554311.0,2,87.5,1,20,456591.0,2,20,0,72,2083844.0,2,2.91,0,50.31055900621118,950122.0,2,1.61,2,12,1154963.0,4,241.3,1,31,5734738.0,4,74.31094168442486,652,928889.0,6520000,180000,28966098.0,0.3484274994224612
7,2,46,965477.0,1,241.3,1,20,456591.0,2,20,1,126,2827968.0,1,3.3399387336191966,2,11,330695.0,1,241.3,0,43,652978.0,1,2.91,0,50.31055900621118,950122.0,2,1.61,0,30,456323.0,1,87.5,2,23,613872.0,1,5.497865533349213,2,46,965477.0,1,241.3,0,64,1554311.0,2,87.5,2,11,99682.0,1,74,1,63,2908288.0,2,3.3399387336191966,0,50.31055900621118,950122.0,2,1.61,1,23,1195315.0,3,165.0,0,28,6230115.0,8,41.68410390418855,640,1035833.0,6400000,60000,28653169.0,0.41200837832582615
8,0,64,1554311.0,2,87.5,2,11,99682.0,1,74,2,127,2984240.0,1,3.317554032178896,1,16,612761.0,1,165.0,1,22,564096.0,1,5.559615060663784,0,50.31055900621118,950122.0,2,1.61,2,11,597141.0,1,241.3,1,22,564096.0,1,5.559615060663784,1,34,1136896.0,2,165.0,1,68,1093829.0,1,165.0,0,9,86450.0,1,90,2,64,3096687.0,2,3.317554032178896,0,50.31055900621118,950122.0,2,1.61,0,22,1728875.0,6,87.5,0,28,6230115.0,8,41.68410390418855,641,1100000.0,6410000,70000,29829423.0,0.17301722335585312
9,0,64,1554311.0,2,87.5,2,11,99682.0,1,74,1,63,2908288.0,2,3.3399387336191966,0,30,869579.0,1,87.5,1,22,564096.0,1,5.559615060663784,1,257.14285714285717,3704586.0,1,1.26,1,16,612761.0,1,165.0,1,22,564096.0,1,5.559615060663784,0,26,1678737.0,5,87.5,2,23,1015370.0,2,241.3,2,11,99682.0,1,74,0,72,2083844.0,2,2.91,1,0.0,0.0,0,0.0,0,64,1554311.0,2,87.5,1,123,5187514.0,1,74.31094168442486,621,293333.0,6210000,-130000,28870190.0,0.3679140760384473
10,1,68,1093829.0,1,165.0,1,20,456591.0,2,20,2,64,3096687.0,2,3.317554032178896,2,11,330695.0,1,241.3,1,22,564096.0,1,5.559615060663784,1,257.14285714285717,3704586.0,1,1.26,1,16,332582.0,1,165.0,1,22,564096.0,1,5.559615060663784,2,23,1015370.0,2,241.3,0,43,1599658.0,3,87.5,2,11,99682.0,1,74,2,64,3096687.0,2,3.317554032178896,1,0.0,0.0,0,0.0,0,64,1554311.0,2,87.5,0,109,5488468.0,2,41.68410390418855,607,299444.0,6070000,-270000,29096782.0,0.3218751390512352
11,0,64,1554311.0,2,87.5,2,11,99682.0,1,74,0,144,2016074.0,1,2.91,2,11,597141.0,1,241.3,2,23,613872.0,1,5.497865533349213,0,50.31055900621118,950122.0,2,1.61,2,11,597141.0,1,241.3,0,43,652978.0,1,2.91,1,34,1136896.0,2,165.0,1,68,1093829.0,1,165.0,0,9,86450.0,1,90,0,72,2083844.0,2,2.91,0,50.31055900621118,950122.0,2,1.61,0,13,1840568.0,10,87.5,1,31,5734738.0,4,74.31094168442486,652,1063333.0,6520000,180000,27771101.0,0.5912268550171311
12,2,46,965477.0,1,241.3,0,9,86450.0,1,90,0,72,2083844.0,2,2.91,0,30,456323.0,1,87.5,1,22,564096.0,1,5.559615060663784,1,257.14285714285717,3704586.0,1,1.26,0,30,456323.0,1,87.5,0,43,652978.0,1,2.91,2,23,1015370.0,2,241.3,1,23,1195315.0,3,165.0,2,11,99682.0,1,74,0,72,2083844.0,2,2.91,1,0.0,0.0,0,0.0,0,64,1554311.0,2,87.5,0,109,5488468.0,2,41.68410390418855,607,262778.0,6070000,-270000,26469845.0,0.8556159022395909
13,0,64,1554311.0,2,87.5,2,11,99682.0,1,74,1,63,2908288.0,2,3.3399387336191966,0,30,869579.0,1,87.5,2,23,613872.0,1,5.497865533349213,1,257.14285714285717,3704586.0,1,1.26,2,11,597141.0,1,241.3,1,22,564096.0,1,5.559615060663784,0,26,1678737.0,5,87.5,2,46,965477.0,1,241.3,0,9,86450.0,1,90,1,63,2908288.0,2,3.3399387336191966,1,0.0,0.0,0,0.0,1,68,1093829.0,1,165.0,1,123,5187514.0,1,74.31094168442486,621,296389.0,6210000,-130000,29208239.0,0.2992293183700828
14,1,68,1093829.0,1,165.0,0,9,86450.0,1,90,0,72,2083844.0,2,2.91,2,11,330695.0,1,241.3,0,43,652978.0,1,2.91,1,257.14285714285717,3704586.0,1,1.26,1,16,332582.0,1,165.0,1,22,564096.0,1,5.559615060663784,1,23,1195315.0,3,165.0,1,34,1136896.0,2,165.0,1,39,415286.0,1,20,0,48,2153560.0,3,2.91,1,0.0,0.0,0,0.0,2,46,965477.0,1,241.3,1,123,5187514.0,1,74.31094168442486,621,296389.0,6210000,-130000,26279497.0,0.8942907873972392
15,1,68,1093829.0,1,165.0,0,9,86450.0,1,90,2,127,2984240.0,1,3.317554032178896,1,16,332582.0,1,165.0,1,22,564096.0,1,5.559615060663784,0,50.31055900621118,950122.0,2,1.61,2,11,330695.0,1,241.3,0,43,652978.0,1,2.91,2,46,965477.0,1,241.3,1,68,1093829.0,1,165.0,2,11,99682.0,1,74,1,63,2908288.0,2,3.3399387336191966,0,50.31055900621118,950122.0,2,1.61,2,23,1015370.0,2,241.3,1,25,5950501.0,5,74.31094168442486,637,1078611.0,6370000,30000,27456872.0,0.6550718677737803
16,0,64,1554311.0,2,87.5,0,9,86450.0,1,90,1,63,2908288.0,2,3.3399387336191966,0,30,869579.0,1,87.5,2,23,613872.0,1,5.497865533349213,1,257.14285714285717,3704586.0,1,1.26,2,11,597141.0,1,241.3,1,22,564096.0,1,5.559615060663784,0,26,1678737.0,5,87.5,0,43,1599658.0,3,87.5,0,9,86450.0,1,90,0,72,2083844.0,2,2.91,1,0.0,0.0,0,0.0,2,46,965477.0,1,241.3,0,109,5488468.0,2,41.68410390418855,607,296389.0,6070000,-270000,28897346.0,0.36239652302322733
17,1,68,1093829.0,1,165.0,1,20,456591.0,2,20,1,63,2908288.0,2,3.3399387336191966,0,30,456323.0,1,87.5,0,43,652978.0,1,2.91,1,257.14285714285717,3704586.0,1,1.26,1,16,332582.0,1,165.0,2,23,613872.0,1,5.497865533349213,1,23,1195315.0,3,165.0,1,34,1136896.0,2,165.0,2,11,99682.0,1,74,0,72,2083844.0,2,2.91,1,0.0,0.0,0,0.0,2,46,965477.0,1,241.3,0,109,5488468.0,2,41.68410390418855,607,278056.0,6070000,-270000,27266787.0,0.6936933166211103
18,0,64,1554311.0,2,87.5,1,20,456591.0,2,20,1,63,2908288.0,2,3.3399387336191966,1,16,612761.0,1,165.0,2,23,613872.0,1,5.497865533349213,1,257.14285714285717,3704586.0,1,1.26,2,11,597141.0,1,241.3,1,22,564096.0,1,5.559615060663784,0,26,1678737.0,5,87.5,0,43,1599658.0,3,87.5,2,11,99682.0,1,74,1,63,2908288.0,2,3.3399387336191966,1,0.0,0.0,0,0.0,2,46,965477.0,1,241.3,1,123,5187514.0,1,74.31094168442486,621,296389.0,6210000,-130000,29827391.0,0.173430084886525
19,1,68,1093829.0,1,165.0,1,20,456591.0,2,20,2,127,2984240.0,1,3.317554032178896,0,30,456323.0,1,87.5,2,23,613872.0,1,5.497865533349213,0,50.31055900621118,950122.0,2,1.61,2,11,330695.0,1,241.3,1,22,564096.0,1,5.559615060663784,1,34,1136896.0,2,165.0,1,68,1093829.0,1,165.0,2,11,99682.0,1,74,1,63,2908288.0,2,3.3399387336191966,0,50.31055900621118,950122.0,2,1.61,1,23,1195315.0,3,165.0,0,28,6230115.0,8,41.68410390418855,640,1035833.0,6400000,60000,28559848.0,0.4309693285737768
20,1,68,1093829.0,1,165.0,2,11,99682.0,1,74,0,144,2016074.0,1,2.91,2,11,330695.0,1,241.3,2,23,613872.0,1,5.497865533349213,0,50.31055900621118,950122.0,2,1.61,2,11,330695.0,1,241.3,2,23,613872.0,1,5.497865533349213,1,34,1136896.0,2,165.0,2,46,965477.0,1,241.3,1,39,415286.0,1,20,0,72,2083844.0,2,2.91,0,50.31055900621118,950122.0,2,1.61,1,14,1296801.0,5,165.0,1,25,5950501.0,5,74.31094168442486,646,1161111.0,6460000,120000,26588879.0,0.8314305875535658
21,2,46,965477.0,1,241.3,0,9,86450.0,1,90,0,72,2083844.0,2,2.91,0,30,456323.0,1,87.5,0,43,652978.0,1,2.91,1,257.14285714285717,3704586.0,1,1.26,1,16,332582.0,1,165.0,0,43,652978.0,1,2.91,2,23,1015370.0,2,241.3,1,34,1136896.0,2,165.0,0,9,86450.0,1,90,0,72,2083844.0,2,2.91,1,0.0,0.0,0,0.0,2,46,965477.0,1,241.3,0,109,5488468.0,2,41.68410390418855,607,247500.0,6070000,-270000,25759223.0,1.0
22,1,68,1093829.0,1,165.0,2,11,99682.0,1,74,2,127,2984240.0,1,3.317554032178896,0,30,456323.0,1,87.5,0,43,652978.0,1,2.91,0,50.31055900621118,950122.0,2,1.61,1,16,332582.0,1,165.0,1,22,564096.0,1,5.559615060663784,1,34,1136896.0,2,165.0,2,46,965477.0,1,241.3,2,11,99682.0,1,74,0,72,2083844.0,2,2.91,0,50.31055900621118,950122.0,2,1.61,2,12,1154963.0,4,241.3,0,32,6132225.0,7,41.68410390418855,653,944167.0,6530000,190000,27321228.0,0.6826320003852291
23,1,68,1093829.0,1,165.0,1,20,456591.0,2,20,0,144,2016074.0,1,2.91,1,16,332582.0,1,165.0,2,23,613872.0,1,5.497865533349213,0,50.31055900621118,950122.0,2,1.61,0,30,456323.0,1,87.5,0,43,652978.0,1,2.91,2,46,965477.0,1,241.3,2,46,965477.0,1,241.3,1,39,415286.0,1,20,2,64,3096687.0,2,3.317554032178896,0,50.31055900621118,950122.0,2,1.61,0,22,1728875.0,6,87.5,1,25,5950501.0,5,74.31094168442486,638,1170278.0,6380000,40000,28235074.0,0.4969568732403352
24,2,46,965477.0,1,241.3,0,9,86450.0,1,90,2,127,2984240.0,1,3.317554032178896,0,30,456323.0,1,87.5,1,22,564096.0,1,5.559615060663784,0,50.31055900621118,950122.0,2,1.61,1,16,332582.0,1,165.0,2,23,613872.0,1,5.497865533349213,1,34,1136896.0,2,165.0,1,68,1093829.0,1,165.0,1,20,456591.0,2,20,0,72,2083844.0,2,2.91,0,50.31055900621118,950122.0,2,1.61,0,13,1840568.0,10,87.5,1,31,5734738.0,4,74.31094168442486,652,1063333.0,6520000,180000,28013083.0,0.5420609795668083
25,2,46,965477.0,1,241.3,0,9,86450.0,1,90,1,63,2908288.0,2,3.3399387336191966,1,16,332582.0,1,165.0,0,43,652978.0,1,2.91,1,257.14285714285717,3704586.0,1,1.26,2,11,330695.0,1,241.3,1,22,564096.0,1,5.559615060663784,1,23,1195315.0,3,165.0,2,46,965477.0,1,241.3,1,39,415286.0,1,20,0,48,2153560.0,3,2.91,1,0.0,0.0,0,0.0,2,46,965477.0,1,241.3,1,123,5187514.0,1,74.31094168442486,621,296389.0,6210000,-130000,26804170.0,0.7876877864709422
26,1,68,1093829.0,1,165.0,0,9,86450.0,1,90,2,64,3096687.0,2,3.317554032178896,0,30,456323.0,1,87.5,0,43,652978.0,1,2.91,1,257.14285714285717,3704586.0,1,1.26,1,16,332582.0,1,165.0,1,22,564096.0,1,5.559615060663784,2,23,1015370.0,2,241.3,1,34,1136896.0,2,165.0,2,11,99682.0,1,74,2,64,3096687.0,2,3.317554032178896,1,0.0,0.0,0,0.0,0,64,1554311.0,2,87.5,0,109,5488468.0,2,41.68410390418855,607,284167.0,6070000,-270000,28463112.0,0.4506241381363162
27,0,64,1554311.0,2,87.5,1,20,456591.0,2,20,1,63,2908288.0,2,3.3399387336191966,2,11,597141.0,1,241.3,2,23,613872.0,1,5.497865533349213,1,257.14285714285717,3704586.0,1,1.26,1,16,612761.0,1,165.0,0,43,652978.0,1,2.91,0,26,1678737.0,5,87.5,1,34,1136896.0,2,165.0,1,39,415286.0,1,20,1,42,2990554.0,3,3.3399387336191966,1,0.0,0.0,0,0.0,2,46,965477.0,1,241.3,1,123,5187514.0,1,74.31094168442486,621,342222.0,6210000,-130000,29897214.0,0.15924345562663011
28,2,46,965477.0,1,241.3,0,9,86450.0,1,90,1,63,2908288.0,2,3.3399387336191966,1,16,332582.0,1,165.0,0,43,652978.0,1,2.91,1,257.14285714285717,3704586.0,1,1.26,2,11,330695.0,1,241.3,0,43,652978.0,1,2.91,2,23,1015370.0,2,241.3,2,46,965477.0,1,241.3,1,39,415286.0,1,20,0,48,2153560.0,3,2.91,1,0.0,0.0,0,0.0,2,46,965477.0,1,241.3,1,123,5187514.0,1,74.31094168442486,621,296389.0,6210000,-130000,26713107.0,0.8061899565337267
29,0,64,1554311.0,2,87.5,2,11,99682.0,1,74,1,63,2908288.0,2,3.3399387336191966,0,30,869579.0,1,87.5,2,23,613872.0,1,5.497865533349213,1,257.14285714285717,3704586.0,1,1.26,2,11,597141.0,1,241.3,2,23,613872.0,1,5.497865533349213,2,23,1015370.0,2,241.3,1,34,1136896.0,2,165.0,0,9,86450.0,1,90,1,63,2908288.0,2,3.3399387336191966,1,0.0,0.0,0,0.0,0,64,1554311.0,2,87.5,1,123,5187514.0,1,74.31094168442486,621,296389.0,6210000,-130000,29226549.0,0.2955090946365183
30,0,64,1554311.0,2,87.5,2,11,99682.0,1,74,0,72,2083844.0,2,2.91,1,16,612761.0,1,165.0,2,23,613872.0,1,5.497865533349213,1,257.14285714285717,3704586.0,1,1.26,1,16,612761.0,1,165.0,2,23,613872.0,1,5.497865533349213,1,23,1195315.0,3,165.0,0,43,1599658.0,3,87.5,0,9,86450.0,1,90,1,63,2908288.0,2,3.3399387336191966,1,0.0,0.0,0,0.0,0,64,1554311.0,2,87.5,0,109,5488468.0,2,41.68410390418855,607,265833.0,6070000,-270000,28794012.0,0.3833919134811278
31,0,64,1554311.0,2,87.5,2,11,99682.0,1,74,0,72,2083844.0,2,2.91,2,11,597141.0,1,241.3,1,22,564096.0,1,5.559615060663784,1,257.14285714285717,3704586.0,1,1.26,2,11,597141.0,1,241.3,0,43,652978.0,1,2.91,2,23,1015370.0,2,241.3,1,34,1136896.0,2,165.0,2,11,99682.0,1,74,2,64,3096687.0,2,3.317554032178896,1,0.0,0.0,0,0.0,0,64,1554311.0,2,87.5,1,123,5187514.0,1,74.31094168442486,621,262778.0,6210000,-130000,28287017.0,0.48640310036253387
32,1,68,1093829.0,1,165.0,1,20,456591.0,2,20,2,127,2984240.0,1,3.317554032178896,1,16,332582.0,1,165.0,2,23,613872.0,1,5.497865533349213,0,50.31055900621118,950122.0,2,1.61,2,11,330695.0,1,241.3,2,23,613872.0,1,5.497865533349213,2,46,965477.0,1,241.3,1,68,1093829.0,1,165.0,1,13,469237.0,3,20,2,64,3096687.0,2,3.317554032178896,0,50.31055900621118,950122.0,2,1.61,2,16,1105070.0,3,241.3,1,31,5734738.0,4,74.31094168442486,644,901389.0,6440000,100000,28232352.0,0.49750992889313495
33,0,64,1554311.0,2,87.5,2,11,99682.0,1,74,1,63,2908288.0,2,3.3399387336191966,0,30,869579.0,1,87.5,0,43,652978.0,1,2.91,1,257.14285714285717,3704586.0,1,1.26,1,16,612761.0,1,165.0,0,43,652978.0,1,2.91,1,23,1195315.0,3,165.0,1,34,1136896.0,2,165.0,1,39,415286.0,1,20,1,42,2990554.0,3,3.3399387336191966,1,0.0,0.0,0,0.0,1,68,1093829.0,1,165.0,1,123,5187514.0,1,74.31094168442486,621,342222.0,6210000,-130000,29496779.0,0.2406037937342167
34,0,64,1554311.0,2,87.5,1,20,456591.0,2,20,0,144,2016074.0,1,2.91,0,30,869579.0,1,87.5,2,23,613872.0,1,5.497865533349213,0,50.31055900621118,950122.0,2,1.61,1,16,612761.0,1,165.0,0,43,652978.0,1,2.91,1,34,1136896.0,2,165.0,2,46,965477.0,1,241.3,0,9,86450.0,1,90,1,63,2908288.0,2,3.3399387336191966,0,50.31055900621118,950122.0,2,1.61,0,22,1728875.0,6,87.5,0,28,6230115.0,8,41.68410390418855,640,1100000.0,6400000,60000,29292511.0,0.28210694292087746
35,0,64,1554311.0,2,87.5,2,11,99682.0,1,74,0,72,2083844.0,2,2.91,1,16,612761.0,1,165.0,1,22,564096.0,1,5.559615060663784,1,257.14285714285717,3704586.0,1,1.26,0,30,869579.0,1,87.5,2,23,613872.0,1,5.497865533349213,0,26,1678737.0,5,87.5,1,23,1195315.0,3,165.0,0,9,86450.0,1,90,2,64,3096687.0,2,3.317554032178896,1,0.0,0.0,0,0.0,2,46,965477.0,1,241.3,1,123,5187514.0,1,74.31094168442486,621,262778.0,6210000,-130000,28655689.0,0.4114963650102291
36,2,46,965477.0,1,241.3,2,11,99682.0,1,74,2,127,2984240.0,1,3.317554032178896,0,30,456323.0,1,87.5,0,43,652978.0,1,2.91,0,50.31055900621118,950122.0,2,1.61,1,16,332582.0,1,165.0,0,43,652978.0,1,2.91,1,34,1136896.0,2,165.0,2,46,965477.0,1,241.3,1,39,415286.0,1,20,1,63,2908288.0,2,3.3399387336191966,0,50.31055900621118,950122.0,2,1.61,1,23,1195315.0,3,165.0,0,28,6230115.0,8,41.68410390418855,640,1035833.0,6400000,60000,28391714.0,0.4651307757184593
37,2,46,965477.0,1,241.3,2,11,99682.0,1,74,1,126,2827968.0,1,3.3399387336191966,0,30,456323.0,1,87.5,1,22,564096.0,1,5.559615060663784,0,50.31055900621118,950122.0,2,1.61,2,11,330695.0,1,241.3,1,22,564096.0,1,5.559615060663784,1,34,1136896.0,2,165.0,0,64,1554311.0,2,87.5,0,9,86450.0,1,90,1,63,2908288.0,2,3.3399387336191966,0,50.31055900621118,950122.0,2,1.61,1,23,1195315.0,3,165.0,0,28,6230115.0,8,41.68410390418855,640,1035833.0,6400000,60000,28315789.0,0.48055720864969287
38,2,46,965477.0,1,241.3,2,11,99682.0,1,74,1,126,2827968.0,1,3.3399387336191966,2,11,330695.0,1,241.3,1,22,564096.0,1,5.559615060663784,0,50.31055900621118,950122.0,2,1.61,1,16,332582.0,1,165.0,2,23,613872.0,1,5.497865533349213,1,34,1136896.0,2,165.0,2,46,965477.0,1,241.3,0,9,86450.0,1,90,0,72,2083844.0,2,2.91,0,50.31055900621118,950122.0,2,1.61,2,12,1154963.0,4,241.3,0,32,6132225.0,7,41.68410390418855,653,944167.0,6530000,190000,26858638.0,0.776620984378108
39,0,64,1554311.0,2,87.5,1,20,456591.0,2,20,1,126,2827968.0,1,3.3399387336191966,1,16,612761.0,1,165.0,0,43,652978.0,1,2.91,0,50.31055900621118,950122.0,2,1.61,2,11,597141.0,1,241.3,0,43,652978.0,1,2.91,1,34,1136896.0,2,165.0,2,46,965477.0,1,241.3,0,9,86450.0,1,90,2,64,3096687.0,2,3.317554032178896,0,50.31055900621118,950122.0,2,1.61,1,17,1223030.0,4,165.0,1,31,5734738.0,4,74.31094168442486,644,928889.0,6440000,100000,28967139.0,0.34821598915994667
40,0,64,1554311.0,2,87.5,2,11,99682.0,1,74,1,126,2827968.0,1,3.3399387336191966,1,16,612761.0,1,165.0,1,22,564096.0,1,5.559615060663784,0,50.31055900621118,950122.0,2,1.61,0,30,869579.0,1,87.5,0,43,652978.0,1,2.91,0,43,1599658.0,3,87.5,0,64,1554311.0,2,87.5,2,11,99682.0,1,74,1,63,2908288.0,2,3.3399387336191966,0,50.31055900621118,950122.0,2,1.61,2,23,1015370.0,2,241.3,0,28,6230115.0,8,41.68410390418855,640,1008333.0,6400000,60000,29957376.0,0.1470197472564112
41,1,68,1093829.0,1,165.0,1,20,456591.0,2,20,0,144,2016074.0,1,2.91,1,16,332582.0,1,165.0,2,23,613872.0,1,5.497865533349213,0,50.31055900621118,950122.0,2,1.61,1,16,332582.0,1,165.0,0,43,652978.0,1,2.91,1,34,1136896.0,2,165.0,0,64,1554311.0,2,87.5,2,11,99682.0,1,74,2,64,3096687.0,2,3.317554032178896,0,50.31055900621118,950122.0,2,1.61,1,17,1223030.0,4,165.0,0,32,6132225.0,7,41.68410390418855,645,944167.0,6450000,110000,28145750.0,0.5151057134793804
42,1,68,1093829.0,1,165.0,2,11,99682.0,1,74,1,63,2908288.0,2,3.3399387336191966,0,30,456323.0,1,87.5,0,43,652978.0,1,2.91,1,257.14285714285717,3704586.0,1,1.26,0,30,456323.0,1,87.5,1,22,564096.0,1,5.559615060663784,2,23,1015370.0,2,241.3,0,26,1678737.0,5,87.5,0,9,86450.0,1,90,2,64,3096687.0,2,3.317554032178896,1,0.0,0.0,0,0.0,1,68,1093829.0,1,165.0,0,109,5488468.0,2,41.68410390418855,607,278056.0,6070000,-270000,28473702.0,0.4484724631314856
43,1,68,1093829.0,1,165.0,2,11,99682.0,1,74,2,64,3096687.0,2,3.317554032178896,1,16,332582.0,1,165.0,2,23,613872.0,1,5.497865533349213,1,257.14285714285717,3704586.0,1,1.26,0,30,456323.0,1,87.5,1,22,564096.0,1,5.559615060663784,0,26,1678737.0,5,87.5,0,26,1678737.0,5,87.5,2,11,99682.0,1,74,2,64,3096687.0,2,3.317554032178896,1,0.0,0.0,0,0.0,0,64,1554311.0,2,87.5,1,123,5187514.0,1,74.31094168442486,621,302500.0,6210000,-130000,29639825.0,0.2115397235981451
44,2,46,965477.0,1,241.3,2,11,99682.0,1,74,1,63,2908288.0,2,3.3399387336191966,2,11,330695.0,1,241.3,2,23,613872.0,1,5.497865533349213,1,257.14285714285717,3704586.0,1,1.26,1,16,332582.0,1,165.0,0,43,652978.0,1,2.91,0,26,1678737.0,5,87.5,2,23,1015370.0,2,241.3,1,39,415286.0,1,20,0,48,2153560.0,3,2.91,1,0.0,0.0,0,0.0,1,68,1093829.0,1,165.0,0,109,5488468.0,2,41.68410390418855,607,296389.0,6070000,-270000,27549799.0,0.6361909704013635
45,1,68,1093829.0,1,165.0,2,11,99682.0,1,74,0,72,2083844.0,2,2.91,0,30,456323.0,1,87.5,2,23,613872.0,1,5.497865533349213,1,257.14285714285717,3704586.0,1,1.26,1,16,332582.0,1,165.0,2,23,613872.0,1,5.497865533349213,0,26,1678737.0,5,87.5,1,34,1136896.0,2,165.0,2,11,99682.0,1,74,1,63,2908288.0,2,3.3399387336191966,1,0.0,0.0,0,0.0,1,68,1093829.0,1,165.0,0,109,5488468.0,2,41.68410390418855,607,265833.0,6070000,-270000,27470323.0,0.6523388951118374
46,2,46,965477.0,1,241.3,0,9,86450.0,1,90,0,72,2083844.0,2,2.91,0,30,456323.0,1,87.5,0,43,652978.0,1,2.91,1,257.14285714285717,3704586.0,1,1.26,1,16,332582.0,1,165.0,1,22,564096.0,1,5.559615060663784,0,26,1678737.0,5,87.5,2,23,1015370.0,2,241.3,1,39,415286.0,1,20,0,48,2153560.0,3,2.91,1,0.0,0.0,0,0.0,1,68,1093829.0,1,165.0,1,123,5187514.0,1,74.31094168442486,621,296389.0,6210000,-130000,26767021.0,0.7952357160983692
47,1,68,1093829.0,1,165.0,2,11,99682.0,1,74,2,127,2984240.0,1,3.317554032178896,1,16,332582.0,1,165.0,1,22,564096.0,1,5.559615060663784,0,50.31055900621118,950122.0,2,1.61,2,11,330695.0,1,241.3,2,23,613872.0,1,5.497865533349213,2,46,965477.0,1,241.3,0,64,1554311.0,2,87.5,2,11,99682.0,1,74,1,63,2908288.0,2,3.3399387336191966,0,50.31055900621118,950122.0,2,1.61,0,22,1728875.0,6,87.5,1,31,5734738.0,4,74.31094168442486,643,965556.0,6430000,90000,28396167.0,0.4642260156810173
48,1,68,1093829.0,1,165.0,1,20,456591.0,2,20,2,127,2984240.0,1,3.317554032178896,0,30,456323.0,1,87.5,0,43,652978.0,1,2.91,0,50.31055900621118,950122.0,2,1.61,0,30,456323.0,1,87.5,1,22,564096.0,1,5.559615060663784,2,46,965477.0,1,241.3,2,46,965477.0,1,241.3,0,9,86450.0,1,90,0,72,2083844.0,2,2.91,0,50.31055900621118,950122.0,2,1.61,0,13,1840568.0,10,87.5,1,31,5734738.0,4,74.31094168442486,652,1063333.0,6520000,180000,28004511.0,0.543802637559387
49,1,68,1093829.0,1,165.0,1,20,456591.0,2,20,0,144,2016074.0,1,2.91,0,30,456323.0,1,87.5,1,22,564096.0,1,5.559615060663784,0,50.31055900621118,950122.0,2,1.61,0,30,456323.0,1,87.5,0,43,652978.0,1,2.91,0,43,1599658.0,3,87.5,1,68,1093829.0,1,165.0,1,20,456591.0,2,20,1,63,2908288.0,2,3.3399387336191966,0,50.31055900621118,950122.0,2,1.61,1,23,1195315.0,3,165.0,1,25,5950501.0,5,74.31094168442486,637,1106111.0,6370000,30000,28306751.0,0.4823935484696795
50,2,46,965477.0,1,241.3,1,20,456591.0,2,20,0,72,2083844.0,2,2.91,0,30,456323.0,1,87.5,1,22,564096.0,1,5.559615060663784,1,257.14285714285717,3704586.0,1,1.26,2,11,330695.0,1,241.3,0,43,652978.0,1,2.91,2,23,1015370.0,2,241.3,0,43,1599658.0,3,87.5,0,9,86450.0,1,90,2,64,3096687.0,2,3.317554032178896,1,0.0,0.0,0,0.0,2,46,965477.0,1,241.3,1,123,5187514.0,1,74.31094168442486,621,262778.0,6210000,-130000,27508524.0,0.6445772202431372
51,0,64,1554311.0,2,87.5,0,9,86450.0,1,90,1,63,2908288.0,2,3.3399387336191966,0,30,869579.0,1,87.5,1,22,564096.0,1,5.559615060663784,1,257.14285714285717,3704586.0,1,1.26,1,16,612761.0,1,165.0,1,22,564096.0,1,5.559615060663784,0,26,1678737.0,5,87.5,0,43,1599658.0,3,87.5,2,11,99682.0,1,74,1,63,2908288.0,2,3.3399387336191966,1,0.0,0.0,0,0.0,2,46,965477.0,1,241.3,0,109,5488468.0,2,41.68410390418855,607,293333.0,6070000,-270000,29697810.0,0.19975833784223362
52,1,68,1093829.0,1,165.0,0,9,86450.0,1,90,2,64,3096687.0,2,3.317554032178896,0,30,456323.0,1,87.5,1,22,564096.0,1,5.559615060663784,1,257.14285714285717,3704586.0,1,1.26,2,11,330695.0,1,241.3,0,43,652978.0,1,2.91,1,23,1195315.0,3,165.0,1,34,1136896.0,2,165.0,2,11,99682.0,1,74,0,72,2083844.0,2,2.91,1,0.0,0.0,0,0.0,1,68,1093829.0,1,165.0,1,123,5187514.0,1,74.31094168442486,621,299444.0,6210000,-130000,27162168.0,0.7149497932339879
53,2,46,965477.0,1,241.3,1,20,456591.0,2,20,0,72,2083844.0,2,2.91,0,30,456323.0,1,87.5,1,22,564096.0,1,5.559615060663784,1,257.14285714285717,3704586.0,1,1.26,0,30,456323.0,1,87.5,0,43,652978.0,1,2.91,1,23,1195315.0,3,165.0,2,23,1015370.0,2,241.3,0,9,86450.0,1,90,0,72,2083844.0,2,2.91,1,0.0,0.0,0,0.0,0,64,1554311.0,2,87.5,1,123,5187514.0,1,74.31094168442486,621,262778.0,6210000,-130000,26805800.0,0.7873566032549011
54,2,46,965477.0,1,241.3,2,11,99682.0,1,74,2,127,2984240.0,1,3.317554032178896,1,16,332582.0,1,165.0,0,43,652978.0,1,2.91,0,50.31055900621118,950122.0,2,1.61,0,30,456323.0,1,87.5,0,43,652978.0,1,2.91,0,43,1599658.0,3,87.5,2,46,965477.0,1,241.3,2,11,99682.0,1,74,0,72,2083844.0,2,2.91,0,50.31055900621118,950122.0,2,1.61,2,12,1154963.0,4,241.3,0,32,6132225.0,7,41.68410390418855,653,944167.0,6530000,190000,27744520.0,0.5966275795972447
55,2,46,965477.0,1,241.3,1,20,456591.0,2,20,0,72,2083844.0,2,2.91,0,30,456323.0,1,87.5,0,43,652978.0,1,2.91,1,257.14285714285717,3704586.0,1,1.26,0,30,456323.0,1,87.5,2,23,613872.0,1,5.497865533349213,2,23,1015370.0,2,241.3,2,23,1015370.0,2,241.3,0,9,86450.0,1,90,2,64,3096687.0,2,3.317554032178896,1,0.0,0.0,0,0.0,0,64,1554311.0,2,87.5,1,123,5187514.0,1,74.31094168442486,621,250556.0,6210000,-130000,27676252.0,0.6104982641326342
56,1,68,1093829.0,1,165.0,2,11,99682.0,1,74,2,127,2984240.0,1,3.317554032178896,0,30,456323.0,1,87.5,0,43,652978.0,1,2.91,0,50.31055900621118,950122.0,2,1.61,2,11,330695.0,1,241.3,0,43,652978.0,1,2.91,0,43,1599658.0,3,87.5,1,68,1093829.0,1,165.0,0,9,86450.0,1,90,0,72,2083844.0,2,2.91,0,50.31055900621118,950122.0,2,1.61,2,12,1154963.0,4,241.3,0,32,6132225.0,7,41.68410390418855,653,944167.0,6530000,190000,27986105.0,0.5475423665621171
57,1,68,1093829.0,1,165.0,1,20,456591.0,2,20,2,64,3096687.0,2,3.317554032178896,2,11,330695.0,1,241.3,1,22,564096.0,1,5.559615060663784,1,257.14285714285717,3704586.0,1,1.26,0,30,456323.0,1,87.5,2,23,613872.0,1,5.497865533349213,2,23,1015370.0,2,241.3,0,26,1678737.0,5,87.5,0,9,86450.0,1,90,0,72,2083844.0,2,2.91,1,0.0,0.0,0,0.0,1,68,1093829.0,1,165.0,0,109,5488468.0,2,41.68410390418855,607,299444.0,6070000,-270000,27862821.0,0.5725911957684944
58,1,68,1093829.0,1,165.0,2,11,99682.0,1,74,2,127,2984240.0,1,3.317554032178896,1,16,332582.0,1,165.0,2,23,613872.0,1,5.497865533349213,0,50.31055900621118,950122.0,2,1.61,1,16,332582.0,1,165.0,2,23,613872.0,1,5.497865533349213,0,43,1599658.0,3,87.5,0,64,1554311.0,2,87.5,1,20,456591.0,2,20,0,72,2083844.0,2,2.91,0,50.31055900621118,950122.0,2,1.61,0,13,1840568.0,10,87.5,0,28,6230115.0,8,41.68410390418855,649,1197778.0,6490000,150000,29573768.0,0.22496117740306443
59,2,46,965477.0,1,241.3,1,20,456591.0,2,20,0,72,2083844.0,2,2.91,1,16,332582.0,1,165.0,2,23,613872.0,1,5.497865533349213,1,257.14285714285717,3704586.0,1,1.26,0,30,456323.0,1,87.5,2,23,613872.0,1,5.497865533349213,0,26,1678737.0,5,87.5,0,26,1678737.0,5,87.5,0,9,86450.0,1,90,1,63,2908288.0,2,3.3399387336191966,1,0.0,0.0,0,0.0,1,68,1093829.0,1,165.0,0,109,5488468.0,2,41.68410390418855,607,265833.0,6070000,-270000,28227489.0,0.49849799268430495
60,0,64,1554311.0,2,87.5,0,9,86450.0,1,90,0,144,2016074.0,1,2.91,0,30,869579.0,1,87.5,0,43,652978.0,1,2.91,0,50.31055900621118,950122.0,2,1.61,1,16,612761.0,1,165.0,1,22,564096.0,1,5.559615060663784,1,34,1136896.0,2,165.0,0,64,1554311.0,2,87.5,1,20,456591.0,2,20,0,72,2083844.0,2,2.91,0,50.31055900621118,950122.0,2,1.61,1,14,1296801.0,5,165.0,1,25,5950501.0,5,74.31094168442486,646,1161111.0,6460000,120000,28476548.0,0.4478942131726803
61,1,68,1093829.0,1,165.0,0,9,86450.0,1,90,2,127,2984240.0,1,3.317554032178896,0,30,456323.0,1,87.5,0,43,652978.0,1,2.91,0,50.31055900621118,950122.0,2,1.61,0,30,456323.0,1,87.5,1,22,564096.0,1,5.559615060663784,0,43,1599658.0,3,87.5,2,46,965477.0,1,241.3,0,9,86450.0,1,90,1,63,2908288.0,2,3.3399387336191966,0,50.31055900621118,950122.0,2,1.61,1,23,1195315.0,3,165.0,0,28,6230115.0,8,41.68410390418855,640,1035833.0,6400000,60000,28675619.0,0.407446989859495
62,2,46,965477.0,1,241.3,2,11,99682.0,1,74,2,64,3096687.0,2,3.317554032178896,1,16,332582.0,1,165.0,1,22,564096.0,1,5.559615060663784,1,257.14285714285717,3704586.0,1,1.26,0,30,456323.0,1,87.5,2,23,613872.0,1,5.497865533349213,0,26,1678737.0,5,87.5,1,23,1195315.0,3,165.0,2,11,99682.0,1,74,0,72,2083844.0,2,2.91,1,0.0,0.0,0,0.0,1,68,1093829.0,1,165.0,0,109,5488468.0,2,41.68410390418855,607,299444.0,6070000,-270000,27572624.0,0.6315533894773543
63,2,46,965477.0,1,241.3,1,20,456591.0,2,20,0,72,2083844.0,2,2.91,1,16,332582.0,1,165.0,2,23,613872.0,1,5.497865533349213,1,257.14285714285717,3704586.0,1,1.26,2,11,330695.0,1,241.3,0,43,652978.0,1,2.91,0,26,1678737.0,5,87.5,2,46,965477.0,1,241.3,1,39,415286.0,1,20,2,43,3209135.0,3,3.317554032178896,1,0.0,0.0,0,0.0,2,46,965477.0,1,241.3,0,109,5488468.0,2,41.68410390418855,607,351389.0,6070000,-270000,28014594.0,0.5417539747573372
64,0,64,1554311.0,2,87.5,1,20,456591.0,2,20,0,144,2016074.0,1,2.91,1,16,612761.0,1,165.0,2,23,613872.0,1,5.497865533349213,0,50.31055900621118,950122.0,2,1.61,2,11,597141.0,1,241.3,0,43,652978.0,1,2.91,0,43,1599658.0,3,87.5,1,68,1093829.0,1,165.0,0,9,86450.0,1,90,2,64,3096687.0,2,3.317554032178896,0,50.31055900621118,950122.0,2,1.61,0,22,1728875.0,6,87.5,0,28,6230115.0,8,41.68410390418855,641,1100000.0,6410000,70000,29819586.0,0.17501590390566601
65,2,46,965477.0,1,241.3,0,9,86450.0,1,90,2,127,2984240.0,1,3.317554032178896,2,11,330695.0,1,241.3,1,22,564096.0,1,5.559615060663784,0,50.31055900621118,950122.0,2,1.61,2,11,330695.0,1,241.3,1,22,564096.0,1,5.559615060663784,1,34,1136896.0,2,165.0,1,68,1093829.0,1,165.0,2,11,99682.0,1,74,2,64,3096687.0,2,3.317554032178896,0,50.31055900621118,950122.0,2,1.61,0,22,1728875.0,6,87.5,0,28,6230115.0,8,41.68410390418855,641,1100000.0,6410000,70000,28692077.0,0.4041030552769169
66,0,64,1554311.0,2,87.5,2,11,99682.0,1,74,2,64,3096687.0,2,3.317554032178896,0,30,869579.0,1,87.5,0,43,652978.0,1,2.91,1,257.14285714285717,3704586.0,1,1.26,2,11,597141.0,1,241.3,2,23,613872.0,1,5.497865533349213,2,23,1015370.0,2,241.3,0,43,1599658.0,3,87.5,1,39,415286.0,1,20,0,48,2153560.0,3,2.91,1,0.0,0.0,0,0.0,1,68,1093829.0,1,165.0,1,123,5187514.0,1,74.31094168442486,621,296389.0,6210000,-130000,29030442.0,0.3353540927642157
67,1,68,1093829.0,1,165.0,1,20,456591.0,2,20,0,72,2083844.0,2,2.91,2,11,330695.0,1,241.3,1,22,564096.0,1,5.559615060663784,1,257.14285714285717,3704586.0,1,1.26,1,16,332582.0,1,165.0,1,22,564096.0,1,5.559615060663784,0,26,1678737.0,5,87.5,2,23,1015370.0,2,241.3,1,39,415286.0,1,20,2,64,3096687.0,2,3.317554032178896,1,0.0,0.0,0,0.0,0,64,1554311.0,2,87.5,1,123,5187514.0,1,74.31094168442486,621,262778.0,6210000,-130000,28421002.0,0.4591800431838532
68,0,64,1554311.0,2,87.5,1,20,456591.0,2,20,1,126,2827968.0,1,3.3399387336191966,1,16,612761.0,1,165.0,1,22,564096.0,1,5.559615060663784,0,50.31055900621118,950122.0,2,1.61,2,11,597141.0,1,241.3,0,43,652978.0,1,2.91,0,43,1599658.0,3,87.5,1,68,1093829.0,1,165.0,0,9,86450.0,1,90,0,72,2083844.0,2,2.91,0,50.31055900621118,950122.0,2,1.61,2,12,1154963.0,4,241.3,1,31,5734738.0,4,74.31094168442486,652,928889.0,6520000,180000,28548461.0,0.43328293794865924
69,0,64,1554311.0,2,87.5,2,11,99682.0,1,74,1,63,2908288.0,2,3.3399387336191966,0,30,869579.0,1,87.5,2,23,613872.0,1,5.497865533349213,1,257.14285714285717,3704586.0,1,1.26,1,16,612761.0,1,165.0,1,22,564096.0,1,5.559615060663784,1,23,1195315.0,3,165.0,2,23,1015370.0,2,241.3,0,9,86450.0,1,90,2,64,3096687.0,2,3.317554032178896,1,0.0,0.0,0,0.0,0,64,1554311.0,2,87.5,0,109,5488468.0,2,41.68410390418855,607,296389.0,6070000,-270000,29460165.0,0.2480430221220229
70,0,64,1554311.0,2,87.5,2,11,99682.0,1,74,0,144,2016074.0,1,2.91,0,30,869579.0,1,87.5,0,43,652978.0,1,2.91,0,50.31055900621118,950122.0,2,1.61,0,30,869579.0,1,87.5,0,43,652978.0,1,2.91,1,34,1136896.0,2,165.0,0,64,1554311.0,2,87.5,1,20,456591.0,2,20,1,63,2908288.0,2,3.3399387336191966,0,50.31055900621118,950122.0,2,1.61,1,23,1195315.0,3,165.0,0,28,6230115.0,8,41.68410390418855,640,1035833.0,6400000,60000,29592774.0,0.22109954046804925
71,2,46,965477.0,1,241.3,0,9,86450.0,1,90,0,72,2083844.0,2,2.91,2,11,330695.0,1,241.3,2,23,613872.0,1,5.497865533349213,1,257.14285714285717,3704586.0,1,1.26,0,30,456323.0,1,87.5,0,43,652978.0,1,2.91,2,23,1015370.0,2,241.3,0,26,1678737.0,5,87.5,0,9,86450.0,1,90,2,64,3096687.0,2,3.317554032178896,1,0.0,0.0,0,0.0,0,64,1554311.0,2,87.5,1,123,5187514.0,1,74.31094168442486,621,265833.0,6210000,-130000,27859127.0,0.5733417422715958
72,2,46,965477.0,1,241.3,1,20,456591.0,2,20,1,126,2827968.0,1,3.3399387336191966,0,30,456323.0,1,87.5,2,23,613872.0,1,5.497865533349213,0,50.31055900621118,950122.0,2,1.61,1,16,332582.0,1,165.0,2,23,613872.0,1,5.497865533349213,0,43,1599658.0,3,87.5,0,64,1554311.0,2,87.5,1,20,456591.0,2,20,2,64,3096687.0,2,3.317554032178896,0,50.31055900621118,950122.0,2,1.61,1,17,1223030.0,4,165.0,0,32,6132225.0,7,41.68410390418855,645,944167.0,6450000,110000,29733598.0,0.19248693604120648
73,0,64,1554311.0,2,87.5,0,9,86450.0,1,90,0,144,2016074.0,1,2.91,1,16,612761.0,1,165.0,0,43,652978.0,1,2.91,0,50.31055900621118,950122.0,2,1.61,0,30,869579.0,1,87.5,0,43,652978.0,1,2.91,0,43,1599658.0,3,87.5,2,46,965477.0,1,241.3,1,39,415286.0,1,20,2,64,3096687.0,2,3.317554032178896,0,50.31055900621118,950122.0,2,1.61,0,22,1728875.0,6,87.5,1,25,5950501.0,5,74.31094168442486,638,1170278.0,6380000,40000,29692137.0,0.20091097734198848
74,1,68,1093829.0,1,165.0,1,20,456591.0,2,20,0,144,2016074.0,1,2.91,1,16,332582.0,1,165.0,1,22,564096.0,1,5.559615060663784,0,50.31055900621118,950122.0,2,1.61,0,30,456323.0,1,87.5,1,22,564096.0,1,5.559615060663784,1,34,1136896.0,2,165.0,1,68,1093829.0,1,165.0,0,9,86450.0,1,90,2,64,3096687.0,2,3.317554032178896,0,50.31055900621118,950122.0,2,1.61,0,22,1728875.0,6,87.5,1,25,5950501.0,5,74.31094168442486,638,1170278.0,6380000,40000,28067351.0,0.5310348134514025
75,0,64,1554311.0,2,87.5,2,11,99682.0,1,74,0,72,2083844.0,2,2.91,0,30,869579.0,1,87.5,1,22,564096.0,1,5.559615060663784,1,257.14285714285717,3704586.0,1,1.26,0,30,869579.0,1,87.5,2,23,613872.0,1,5.497865533349213,1,23,1195315.0,3,165.0,2,23,1015370.0,2,241.3,1,39,415286.0,1,20,2,64,3096687.0,2,3.317554032178896,1,0.0,0.0,0,0.0,1,68,1093829.0,1,165.0,1,123,5187514.0,1,74.31094168442486,621,262778.0,6210000,-130000,28706328.0,0.4012075387052606
76,2,46,965477.0,1,241.3,1,20,456591.0,2,20,0,144,2016074.0,1,2.91,2,11,330695.0,1,241.3,2,23,613872.0,1,5.497865533349213,0,50.31055900621118,950122.0,2,1.61,0,30,456323.0,1,87.5,1,22,564096.0,1,5.559615060663784,2,46,965477.0,1,241.3,0,64,1554311.0,2,87.5,1,20,456591.0,2,20,1,63,2908288.0,2,3.3399387336191966,0,50.31055900621118,950122.0,2,1.61,1,23,1195315.0,3,165.0,0,28,6230115.0,8,41.68410390418855,640,1035833.0,6400000,60000,28109302.0,0.522511214005921
77,2,46,965477.0,1,241.3,0,9,86450.0,1,90,2,127,2984240.0,1,3.317554032178896,1,16,332582.0,1,165.0,0,43,652978.0,1,2.91,0,50.31055900621118,950122.0,2,1.61,1,16,332582.0,1,165.0,2,23,613872.0,1,5.497865533349213,0,43,1599658.0,3,87.5,2,46,965477.0,1,241.3,0,9,86450.0,1,90,0,72,2083844.0,2,2.91,0,50.31055900621118,950122.0,2,1.61,1,14,1296801.0,5,165.0,0,28,6230115.0,8,41.68410390418855,649,1090833.0,6490000,150000,27861603.0,0.572838668871033
78,0,64,1554311.0,2,87.5,2,11,99682.0,1,74,2,64,3096687.0,2,3.317554032178896,0,30,869579.0,1,87.5,2,23,613872.0,1,5.497865533349213,1,257.14285714285717,3704586.0,1,1.26,2,11,597141.0,1,241.3,0,43,652978.0,1,2.91,0,26,1678737.0,5,87.5,1,34,1136896.0,2,165.0,1,39,415286.0,1,20,1,42,2990554.0,3,3.3399387336191966,1,0.0,0.0,0,0.0,0,64,1554311.0,2,87.5,0,109,5488468.0,2,41.68410390418855,607,342222.0,6070000,-270000,30595310.0,0.01740438913255804
79,2,46,965477.0,1,241.3,2,11,99682.0,1,74,2,127,2984240.0,1,3.317554032178896,0,30,456323.0,1,87.5,1,22,564096.0,1,5.559615060663784,0,50.31055900621118,950122.0,2,1.61,2,11,330695.0,1,241.3,1,22,564096.0,1,5.559615060663784,1,34,1136896.0,2,165.0,0,64,1554311.0,2,87.5,0,9,86450.0,1,90,1,63,2908288.0,2,3.3399387336191966,0,50.31055900621118,950122.0,2,1.61,2,23,1015370.0,2,241.3,1,25,5950501.0,5,74.31094168442486,637,1078611.0,6370000,30000,27995280.0,0.545678191097592
80,2,46,965477.0,1,241.3,0,9,86450.0,1,90,1,63,2908288.0,2,3.3399387336191966,1,16,332582.0,1,165.0,0,43,652978.0,1,2.91,1,257.14285714285717,3704586.0,1,1.26,0,30,456323.0,1,87.5,2,23,613872.0,1,5.497865533349213,2,23,1015370.0,2,241.3,2,23,1015370.0,2,241.3,1,39,415286.0,1,20,0,72,2083844.0,2,2.91,1,0.0,0.0,0,0.0,2,46,965477.0,1,241.3,0,109,5488468.0,2,41.68410390418855,607,278056.0,6070000,-270000,26782427.0,0.7921055267570641
81,0,64,1554311.0,2,87.5,2,11,99682.0,1,74,2,127,2984240.0,1,3.317554032178896,1,16,612761.0,1,165.0,2,23,613872.0,1,5.497865533349213,0,50.31055900621118,950122.0,2,1.61,0,30,869579.0,1,87.5,2,23,613872.0,1,5.497865533349213,2,46,965477.0,1,241.3,2,46,965477.0,1,241.3,1,39,415286.0,1,20,1,63,2908288.0,2,3.3399387336191966,0,50.31055900621118,950122.0,2,1.61,1,23,1195315.0,3,165.0,0,28,6230115.0,8,41.68410390418855,640,1035833.0,6400000,60000,29424352.0,0.2553195034202286
82,0,64,1554311.0,2,87.5,0,9,86450.0,1,90,0,144,2016074.0,1,2.91,2,11,597141.0,1,241.3,2,23,613872.0,1,5.497865533349213,0,50.31055900621118,950122.0,2,1.61,2,11,597141.0,1,241.3,1,22,564096.0,1,5.559615060663784,0,43,1599658.0,3,87.5,0,64,1554311.0,2,87.5,2,11,99682.0,1,74,0,72,2083844.0,2,2.91,0,50.31055900621118,950122.0,2,1.61,2,12,1154963.0,4,241.3,1,31,5734738.0,4,74.31094168442486,652,928889.0,6520000,180000,27785414.0,0.588318741292472
83,2,46,965477.0,1,241.3,0,9,86450.0,1,90,2,64,3096687.0,2,3.317554032178896,2,11,330695.0,1,241.3,1,22,564096.0,1,5.559615060663784,1,257.14285714285717,3704586.0,1,1.26,0,30,456323.0,1,87.5,1,22,564096.0,1,5.559615060663784,0,26,1678737.0,5,87.5,0,26,1678737.0,5,87.5,2,11,99682.0,1,74,2,64,3096687.0,2,3.317554032178896,1,0.0,0.0,0,0.0,1,68,1093829.0,1,165.0,1,123,5187514.0,1,74.31094168442486,621,299444.0,6210000,-130000,28983040.0,0.3449852257745065
84,0,64,1554311.0,2,87.5,1,20,456591.0,2,20,1,63,2908288.0,2,3.3399387336191966,2,11,597141.0,1,241.3,0,43,652978.0,1,2.91,1,257.14285714285717,3704586.0,1,1.26,0,30,869579.0,1,87.5,2,23,613872.0,1,5.497865533349213,2,23,1015370.0,2,241.3,2,23,1015370.0,2,241.3,2,11,99682.0,1,74,1,63,2908288.0,2,3.3399387336191966,1,0.0,0.0,0,0.0,0,64,1554311.0,2,87.5,0,109,5488468.0,2,41.68410390418855,607,278056.0,6070000,-270000,29516891.0,0.23651743984402285
85,2,46,965477.0,1,241.3,0,9,86450.0,1,90,2,127,2984240.0,1,3.317554032178896,0,30,456323.0,1,87.5,0,43,652978.0,1,2.91,0,50.31055900621118,950122.0,2,1.61,0,30,456323.0,1,87.5,0,43,652978.0,1,2.91,0,43,1599658.0,3,87.5,2,46,965477.0,1,241.3,1,39,415286.0,1,20,2,64,3096687.0,2,3.317554032178896,0,50.31055900621118,950122.0,2,1.61,1,17,1223030.0,4,165.0,0,32,6132225.0,7,41.68410390418855,645,944167.0,6450000,110000,29091543.0,0.32293959847997067
86,1,68,1093829.0,1,165.0,0,9,86450.0,1,90,1,126,2827968.0,1,3.3399387336191966,2,11,330695.0,1,241.3,2,23,613872.0,1,5.497865533349213,0,50.31055900621118,950122.0,2,1.61,2,11,330695.0,1,241.3,2,23,613872.0,1,5.497865533349213,0,43,1599658.0,3,87.5,0,64,1554311.0,2,87.5,0,9,86450.0,1,90,2,64,3096687.0,2,3.317554032178896,0,50.31055900621118,950122.0,2,1.61,1,17,1223030.0,4,165.0,1,31,5734738.0,4,74.31094168442486,644,928889.0,6440000,100000,28561388.0,0.4306564315475785
87,1,68,1093829.0,1,165.0,0,9,86450.0,1,90,1,63,2908288.0,2,3.3399387336191966,2,11,330695.0,1,241.3,0,43,652978.0,1,2.91,1,257.14285714285717,3704586.0,1,1.26,2,11,330695.0,1,241.3,1,22,564096.0,1,5.559615060663784,1,23,1195315.0,3,165.0,0,43,1599658.0,3,87.5,0,9,86450.0,1,90,1,63,2908288.0,2,3.3399387336191966,1,0.0,0.0,0,0.0,1,68,1093829.0,1,165.0,1,123,5187514.0,1,74.31094168442486,621,278056.0,6210000,-130000,28100727.0,0.5242534815381612
88,0,64,1554311.0,2,87.5,0,9,86450.0,1,90,0,144,2016074.0,1,2.91,0,30,869579.0,1,87.5,2,23,613872.0,1,5.497865533349213,0,50.31055900621118,950122.0,2,1.61,2,11,597141.0,1,241.3,1,22,564096.0,1,5.559615060663784,0,43,1599658.0,3,87.5,0,64,1554311.0,2,87.5,2,11,99682.0,1,74,0,72,2083844.0,2,2.91,0,50.31055900621118,950122.0,2,1.61,1,14,1296801.0,5,165.0,0,28,6230115.0,8,41.68410390418855,649,1090833.0,6490000,150000,28797011.0,0.38278257699958973
89,0,64,1554311.0,2,87.5,2,11,99682.0,1,74,1,63,2908288.0,2,3.3399387336191966,0,30,869579.0,1,87.5,1,22,564096.0,1,5.559615060663784,1,257.14285714285717,3704586.0,1,1.26,1,16,612761.0,1,165.0,2,23,613872.0,1,5.497865533349213,1,23,1195315.0,3,165.0,1,34,1136896.0,2,165.0,0,9,86450.0,1,90,2,64,3096687.0,2,3.317554032178896,1,0.0,0.0,0,0.0,0,64,1554311.0,2,87.5,1,123,5187514.0,1,74.31094168442486,621,293333.0,6210000,-130000,29557681.0,0.22822973224751297
90,2,46,965477.0,1,241.3,1,20,456591.0,2,20,0,72,2083844.0,2,2.91,2,11,330695.0,1,241.3,0,43,652978.0,1,2.91,1,257.14285714285717,3704586.0,1,1.26,1,16,332582.0,1,165.0,2,23,613872.0,1,5.497865533349213,2,23,1015370.0,2,241.3,1,34,1136896.0,2,165.0,1,39,415286.0,1,20,2,43,3209135.0,3,3.317554032178896,1,0.0,0.0,0,0.0,0,64,1554311.0,2,87.5,1,123,5187514.0,1,74.31094168442486,621,351389.0,6210000,-130000,28090526.0,0.5263261195668936
91,2,46,965477.0,1,241.3,0,9,86450.0,1,90,2,127,2984240.0,1,3.317554032178896,1,16,332582.0,1,165.0,2,23,613872.0,1,5.497865533349213,0,50.31055900621118,950122.0,2,1.61,2,11,330695.0,1,241.3,1,22,564096.0,1,5.559615060663784,0,43,1599658.0,3,87.5,1,68,1093829.0,1,165.0,2,11,99682.0,1,74,1,63,2908288.0,2,3.3399387336191966,0,50.31055900621118,950122.0,2,1.61,1,23,1195315.0,3,165.0,1,25,5950501.0,5,74.31094168442486,637,1106111.0,6370000,30000,28131040.0,0.5180944896192348
92,2,46,965477.0,1,241.3,0,9,86450.0,1,90,2,64,3096687.0,2,3.317554032178896,1,16,332582.0,1,165.0,1,22,564096.0,1,5.559615060663784,1,257.14285714285717,3704586.0,1,1.26,1,16,332582.0,1,165.0,1,22,564096.0,1,5.559615060663784,1,23,1195315.0,3,165.0,1,34,1136896.0,2,165.0,2,11,99682.0,1,74,2,64,3096687.0,2,3.317554032178896,1,0.0,0.0,0,0.0,2,46,965477.0,1,241.3,0,109,5488468.0,2,41.68410390418855,607,299444.0,6070000,-270000,27728525.0,0.5998774418920761
93,2,46,965477.0,1,241.3,0,9,86450.0,1,90,2,64,3096687.0,2,3.317554032178896,2,11,330695.0,1,241.3,1,22,564096.0,1,5.559615060663784,1,257.14285714285717,3704586.0,1,1.26,0,30,456323.0,1,87.5,0,43,652978.0,1,2.91,2,23,1015370.0,2,241.3,0,26,1678737.0,5,87.5,2,11,99682.0,1,74,2,64,3096687.0,2,3.317554032178896,1,0.0,0.0,0,0.0,1,68,1093829.0,1,165.0,1,123,5187514.0,1,74.31094168442486,621,299444.0,6210000,-130000,28408555.0,0.4617090232391059
94,1,68,1093829.0,1,165.0,2,11,99682.0,1,74,2,127,2984240.0,1,3.317554032178896,2,11,330695.0,1,241.3,1,22,564096.0,1,5.559615060663784,0,50.31055900621118,950122.0,2,1.61,0,30,456323.0,1,87.5,1,22,564096.0,1,5.559615060663784,1,34,1136896.0,2,165.0,0,64,1554311.0,2,87.5,0,9,86450.0,1,90,1,63,2908288.0,2,3.3399387336191966,0,50.31055900621118,950122.0,2,1.61,0,22,1728875.0,6,87.5,1,31,5734738.0,4,74.31094168442486,643,965556.0,6430000,90000,28628319.0,0.4170573985212974
95,0,64,1554311.0,2,87.5,0,9,86450.0,1,90,0,144,2016074.0,1,2.91,1,16,612761.0,1,165.0,2,23,613872.0,1,5.497865533349213,0,50.31055900621118,950122.0,2,1.61,2,11,597141.0,1,241.3,0,43,652978.0,1,2.91,2,46,965477.0,1,241.3,0,64,1554311.0,2,87.5,1,20,456591.0,2,20,2,64,3096687.0,2,3.317554032178896,0,50.31055900621118,950122.0,2,1.61,1,17,1223030.0,4,165.0,1,31,5734738.0,4,74.31094168442486,644,928889.0,6440000,100000,28533554.0,0.43631174052628063
96,2,46,965477.0,1,241.3,1,20,456591.0,2,20,1,126,2827968.0,1,3.3399387336191966,2,11,330695.0,1,241.3,1,22,564096.0,1,5.559615060663784,0,50.31055900621118,950122.0,2,1.61,2,11,330695.0,1,241.3,1,22,564096.0,1,5.559615060663784,0,43,1599658.0,3,87.5,2,46,965477.0,1,241.3,0,9,86450.0,1,90,2,64,3096687.0,2,3.317554032178896,0,50.31055900621118,950122.0,2,1.61,2,16,1105070.0,3,241.3,0,32,6132225.0,7,41.68410390418855,645,916667.0,6450000,110000,28402096.0,0.4630213621301542
97,2,46,965477.0,1,241.3,1,20,456591.0,2,20,0,72,2083844.0,2,2.91,2,11,330695.0,1,241.3,0,43,652978.0,1,2.91,1,257.14285714285717,3704586.0,1,1.26,0,30,456323.0,1,87.5,2,23,613872.0,1,5.497865533349213,1,23,1195315.0,3,165.0,0,26,1678737.0,5,87.5,0,9,86450.0,1,90,1,63,2908288.0,2,3.3399387336191966,1,0.0,0.0,0,0.0,1,68,1093829.0,1,165.0,1,123,5187514.0,1,74.31094168442486,621,247500.0,6210000,-130000,27741999.0,0.5971397960927289
98,0,64,1554311.0,2,87.5,2,11,99682.0,1,74,0,144,2016074.0,1,2.91,2,11,597141.0,1,241.3,2,23,613872.0,1,5.497865533349213,0,50.31055900621118,950122.0,2,1.61,1,16,612761.0,1,165.0,0,43,652978.0,1,2.91,1,34,1136896.0,2,165.0,0,64,1554311.0,2,87.5,1,20,456591.0,2,20,1,63,2908288.0,2,3.3399387336191966,0,50.31055900621118,950122.0,2,1.61,0,22,1728875.0,6,87.5,0,28,6230115.0,8,41.68410390418855,640,1100000.0,6400000,60000,29622139.0,0.21513316308213326
99,1,68,1093829.0,1,165.0,0,9,86450.0,1,90,0,72,2083844.0,2,2.91,2,11,330695.0,1,241.3,1,22,564096.0,1,5.559615060663784,1,257.14285714285717,3704586.0,1,1.26,1,16,332582.0,1,165.0,2,23,613872.0,1,5.497865533349213,1,23,1195315.0,3,165.0,2,23,1015370.0,2,241.3,1,39,415286.0,1,20,1,63,2908288.0,2,3.3399387336191966,1,0.0,0.0,0,0.0,1,68,1093829.0,1,165.0,1,123,5187514.0,1,74.31094168442486,621,262778.0,6210000,-130000,26968334.0,0.7543329634782121
100,1,68,1093829.0,1,165.0,2,11,99682.0,1,74,0,72,2083844.0,2,2.91,1,16,332582.0,1,165.0,0,43,652978.0,1,2.91,1,257.14285714285717,3704586.0,1,1.26,1,16,332582.0,1,165.0,2,23,613872.0,1,5.497865533349213,0,26,1678737.0,5,87.5,1,34,1136896.0,2,165.0,2,11,99682.0,1,74,1,63,2908288.0,2,3.3399387336191966,1,0.0,0.0,0,0.0,1,68,1093829.0,1,165.0,1,123,5187514.0,1,74.31094168442486,621,247500.0,6210000,-130000,27346401.0,0.6775173530862111
101,0,64,1554311.0,2,87.5,2,11,99682.0,1,74,0,72,2083844.0,2,2.91,2,11,597141.0,1,241.3,1,22,564096.0,1,5.559615060663784,1,257.14285714285717,3704586.0,1,1.26,0,30,869579.0,1,87.5,1,22,564096.0,1,5.559615060663784,0,26,1678737.0,5,87.5,1,23,1195315.0,3,165.0,2,11,99682.0,1,74,0,72,2083844.0,2,2.91,1,0.0,0.0,0,0.0,0,64,1554311.0,2,87.5,0,109,5488468.0,2,41.68410390418855,607,262778.0,6070000,-270000,28200470.0,0.5039877100549865
102,2,46,965477.0,1,241.3,0,9,86450.0,1,90,1,126,2827968.0,1,3.3399387336191966,0,30,456323.0,1,87.5,0,43,652978.0,1,2.91,0,50.31055900621118,950122.0,2,1.61,1,16,332582.0,1,165.0,1,22,564096.0,1,5.559615060663784,0,43,1599658.0,3,87.5,2,46,965477.0,1,241.3,0,9,86450.0,1,90,2,64,3096687.0,2,3.317554032178896,0,50.31055900621118,950122.0,2,1.61,1,17,1223030.0,4,165.0,1,31,5734738.0,4,74.31094168442486,644,928889.0,6440000,100000,27961047.0,0.5526336481741139
103,0,64,1554311.0,2,87.5,0,9,86450.0,1,90,0,144,2016074.0,1,2.91,0,30,869579.0,1,87.5,1,22,564096.0,1,5.559615060663784,0,50.31055900621118,950122.0,2,1.61,1,16,612761.0,1,165.0,2,23,613872.0,1,5.497865533349213,0,43,1599658.0,3,87.5,0,64,1554311.0,2,87.5,2,11,99682.0,1,74,1,63,2908288.0,2,3.3399387336191966,0,50.31055900621118,950122.0,2,1.61,0,22,1728875.0,6,87.5,0,28,6230115.0,8,41.68410390418855,640,1100000.0,6400000,60000,29898316.0,0.159019551391
104,0,64,1554311.0,2,87.5,1,20,456591.0,2,20,1,63,2908288.0,2,3.3399387336191966,1,16,612761.0,1,165.0,1,22,564096.0,1,5.559615060663784,1,257.14285714285717,3704586.0,1,1.26,0,30,869579.0,1,87.5,0,43,652978.0,1,2.91,0,26,1678737.0,5,87.5,0,26,1678737.0,5,87.5,2,11,99682.0,1,74,0,72,2083844.0,2,2.91,1,0.0,0.0,0,0.0,0,64,1554311.0,2,87.5,0,109,5488468.0,2,41.68410390418855,607,293333.0,6070000,-270000,30000302.0,0.13829804742096663
105,2,46,965477.0,1,241.3,0,9,86450.0,1,90,0,144,2016074.0,1,2.91,1,16,332582.0,1,165.0,2,23,613872.0,1,5.497865533349213,0,50.31055900621118,950122.0,2,1.61,0,30,456323.0,1,87.5,1,22,564096.0,1,5.559615060663784,0,43,1599658.0,3,87.5,0,64,1554311.0,2,87.5,2,11,99682.0,1,74,2,64,3096687.0,2,3.317554032178896,0,50.31055900621118,950122.0,2,1.61,1,17,1223030.0,4,165.0,0,32,6132225.0,7,41.68410390418855,645,944167.0,6450000,110000,28144878.0,0.515282886340968
106,2,46,965477.0,1,241.3,0,9,86450.0,1,90,1,126,2827968.0,1,3.3399387336191966,2,11,330695.0,1,241.3,0,43,652978.0,1,2.91,0,50.31055900621118,950122.0,2,1.61,2,11,330695.0,1,241.3,2,23,613872.0,1,5.497865533349213,0,43,1599658.0,3,87.5,0,64,1554311.0,2,87.5,1,20,456591.0,2,20,0,72,2083844.0,2,2.91,0,50.31055900621118,950122.0,2,1.61,0,13,1840568.0,10,87.5,1,31,5734738.0,4,74.31094168442486,652,1063333.0,6520000,180000,28741422.0,0.39407714374590974
107,0,64,1554311.0,2,87.5,1,20,456591.0,2,20,1,63,2908288.0,2,3.3399387336191966,0,30,869579.0,1,87.5,1,22,564096.0,1,5.559615060663784,1,257.14285714285717,3704586.0,1,1.26,0,30,869579.0,1,87.5,2,23,613872.0,1,5.497865533349213,1,23,1195315.0,3,165.0,0,26,1678737.0,5,87.5,0,9,86450.0,1,90,0,72,2083844.0,2,2.91,1,0.0,0.0,0,0.0,2,46,965477.0,1,241.3,1,123,5187514.0,1,74.31094168442486,621,293333.0,6210000,-130000,29111572.0,0.31887010852040953
108,1,68,1093829.0,1,165.0,0,9,86450.0,1,90,1,63,2908288.0,2,3.3399387336191966,2,11,330695.0,1,241.3,2,23,613872.0,1,5.497865533349213,1,257.14285714285717,3704586.0,1,1.26,2,11,330695.0,1,241.3,1,22,564096.0,1,5.559615060663784,1,23,1195315.0,3,165.0,1,34,1136896.0,2,165.0,1,39,415286.0,1,20,2,43,3209135.0,3,3.317554032178896,1,0.0,0.0,0,0.0,1,68,1093829.0,1,165.0,1,123,5187514.0,1,74.31094168442486,621,351389.0,6210000,-130000,28301875.0,0.48338425359938253
109,1,68,1093829.0,1,165.0,1,20,456591.0,2,20,0,144,2016074.0,1,2.91,0,30,456323.0,1,87.5,2,23,613872.0,1,5.497865533349213,0,50.31055900621118,950122.0,2,1.61,0,30,456323.0,1,87.5,0,43,652978.0,1,2.91,0,43,1599658.0,3,87.5,0,64,1554311.0,2,87.5,2,11,99682.0,1,74,2,64,3096687.0,2,3.317554032178896,0,50.31055900621118,950122.0,2,1.61,1,17,1223030.0,4,165.0,1,31,5734738.0,4,74.31094168442486,644,928889.0,6440000,100000,28423229.0,0.4587275615751887
110,0,64,1554311.0,2,87.5,1,20,456591.0,2,20,0,72,2083844.0,2,2.91,1,16,612761.0,1,165.0,1,22,564096.0,1,5.559615060663784,1,257.14285714285717,3704586.0,1,1.26,2,11,597141.0,1,241.3,1,22,564096.0,1,5.559615060663784,2,23,1015370.0,2,241.3,1,34,1136896.0,2,165.0,2,11,99682.0,1,74,2,64,3096687.0,2,3.317554032178896,1,0.0,0.0,0,0.0,1,68,1093829.0,1,165.0,0,109,5488468.0,2,41.68410390418855,607,262778.0,6070000,-270000,28131136.0,0.5180749843500692
111,0,64,1554311.0,2,87.5,1,20,456591.0,2,20,2,64,3096687.0,2,3.317554032178896,0,30,869579.0,1,87.5,0,43,652978.0,1,2.91,1,257.14285714285717,3704586.0,1,1.26,1,16,612761.0,1,165.0,2,23,613872.0,1,5.497865533349213,1,23,1195315.0,3,165.0,1,34,1136896.0,2,165.0,0,9,86450.0,1,90,2,64,3096687.0,2,3.317554032178896,1,0.0,0.0,0,0.0,2,46,965477.0,1,241.3,1,123,5187514.0,1,74.31094168442486,621,284167.0,6210000,-130000,29593871.0,0.2208766521318548
112,2,46,965477.0,1,241.3,0,9,86450.0,1,90,2,127,2984240.0,1,3.317554032178896,2,11,330695.0,1,241.3,2,23,613872.0,1,5.497865533349213,0,50.31055900621118,950122.0,2,1.61,0,30,456323.0,1,87.5,0,43,652978.0,1,2.91,2,46,965477.0,1,241.3,2,46,965477.0,1,241.3,1,39,415286.0,1,20,1,63,2908288.0,2,3.3399387336191966,0,50.31055900621118,950122.0,2,1.61,1,23,1195315.0,3,165.0,0,28,6230115.0,8,41.68410390418855,640,1035833.0,6400000,60000,28166070.0,0.5109770981726611
113,2,46,965477.0,1,241.3,0,9,86450.0,1,90,0,72,2083844.0,2,2.91,2,11,330695.0,1,241.3,0,43,652978.0,1,2.91,1,257.14285714285717,3704586.0,1,1.26,1,16,332582.0,1,165.0,0,43,652978.0,1,2.91,2,23,1015370.0,2,241.3,1,34,1136896.0,2,165.0,1,39,415286.0,1,20,0,48,2153560.0,3,2.91,1,0.0,0.0,0,0.0,1,68,1093829.0,1,165.0,1,123,5187514.0,1,74.31094168442486,621,296389.0,6210000,-130000,26188434.0,0.9127929574600239
114,0,64,1554311.0,2,87.5,0,9,86450.0,1,90,0,144,2016074.0,1,2.91,2,11,597141.0,1,241.3,2,23,613872.0,1,5.497865533349213,0,50.31055900621118,950122.0,2,1.61,1,16,612761.0,1,165.0,2,23,613872.0,1,5.497865533349213,1,34,1136896.0,2,165.0,0,64,1554311.0,2,87.5,1,20,456591.0,2,20,1,63,2908288.0,2,3.3399387336191966,0,50.31055900621118,950122.0,2,1.61,1,23,1195315.0,3,165.0,0,28,6230115.0,8,41.68410390418855,640,1035833.0,6400000,60000,28972074.0,0.34721329641690235
115,2,46,965477.0,1,241.3,1,20,456591.0,2,20,1,63,2908288.0,2,3.3399387336191966,0,30,456323.0,1,87.5,1,22,564096.0,1,5.559615060663784,1,257.14285714285717,3704586.0,1,1.26,2,11,330695.0,1,241.3,2,23,613872.0,1,5.497865533349213,1,23,1195315.0,3,165.0,0,43,1599658.0,3,87.5,1,39,415286.0,1,20,1,42,2990554.0,3,3.3399387336191966,1,0.0,0.0,0,0.0,0,64,1554311.0,2,87.5,0,109,5488468.0,2,41.68410390418855,607,342222.0,6070000,-270000,29385742.0,0.2631642788627697
116,1,68,1093829.0,1,165.0,2,11,99682.0,1,74,0,144,2016074.0,1,2.91,0,30,456323.0,1,87.5,0,43,652978.0,1,2.91,0,50.31055900621118,950122.0,2,1.61,0,30,456323.0,1,87.5,2,23,613872.0,1,5.497865533349213,1,34,1136896.0,2,165.0,0,64,1554311.0,2,87.5,0,9,86450.0,1,90,1,63,2908288.0,2,3.3399387336191966,0,50.31055900621118,950122.0,2,1.61,2,23,1015370.0,2,241.3,1,25,5950501.0,5,74.31094168442486,637,1078611.0,6370000,30000,27419752.0,0.6626139051844802
117,2,46,965477.0,1,241.3,2,11,99682.0,1,74,1,126,2827968.0,1,3.3399387336191966,2,11,330695.0,1,241.3,0,43,652978.0,1,2.91,0,50.31055900621118,950122.0,2,1.61,1,16,332582.0,1,165.0,0,43,652978.0,1,2.91,0,43,1599658.0,3,87.5,2,46,965477.0,1,241.3,0,9,86450.0,1,90,0,72,2083844.0,2,2.91,0,50.31055900621118,950122.0,2,1.61,2,12,1154963.0,4,241.3,0,32,6132225.0,7,41.68410390418855,653,944167.0,6530000,190000,27449388.0,0.6565924660491488
118,2,46,965477.0,1,241.3,1,20,456591.0,2,20,2,127,2984240.0,1,3.317554032178896,0,30,456323.0,1,87.5,2,23,613872.0,1,5.497865533349213,0,50.31055900621118,950122.0,2,1.61,0,30,456323.0,1,87.5,1,22,564096.0,1,5.559615060663784,0,43,1599658.0,3,87.5,1,68,1093829.0,1,165.0,1,20,456591.0,2,20,0,72,2083844.0,2,2.91,0,50.31055900621118,950122.0,2,1.61,1,14,1296801.0,5,165.0,0,28,6230115.0,8,41.68410390418855,649,1090833.0,6490000,150000,28888837.0,0.364125380682916
119,2,46,965477.0,1,241.3,0,9,86450.0,1,90,1,63,2908288.0,2,3.3399387336191966,2,11,330695.0,1,241.3,1,22,564096.0,1,5.559615060663784,1,257.14285714285717,3704586.0,1,1.26,1,16,332582.0,1,165.0,0,43,652978.0,1,2.91,2,23,1015370.0,2,241.3,0,43,1599658.0,3,87.5,1,39,415286.0,1,20,0,48,2153560.0,3,2.91,1,0.0,0.0,0,0.0,0,64,1554311.0,2,87.5,1,123,5187514.0,1,74.31094168442486,621,296389.0,6210000,-130000,27847240.0,0.5757569415900492
120,0,64,1554311.0,2,87.5,0,9,86450.0,1,90,2,127,2984240.0,1,3.317554032178896,2,11,597141.0,1,241.3,2,23,613872.0,1,5.497865533349213,0,50.31055900621118,950122.0,2,1.61,2,11,597141.0,1,241.3,1,22,564096.0,1,5.559615060663784,1,34,1136896.0,2,165.0,0,64,1554311.0,2,87.5,1,20,456591.0,2,20,2,64,3096687.0,2,3.317554032178896,0,50.31055900621118,950122.0,2,1.61,0,22,1728875.0,6,87.5,0,28,6230115.0,8,41.68410390418855,641,1100000.0,6410000,70000,30680970.0,0.0
121,0,64,1554311.0,2,87.5,0,9,86450.0,1,90,0,72,2083844.0,2,2.91,1,16,612761.0,1,165.0,1,22,564096.0,1,5.559615060663784,1,257.14285714285717,3704586.0,1,1.26,2,11,597141.0,1,241.3,1,22,564096.0,1,5.559615060663784,2,23,1015370.0,2,241.3,2,46,965477.0,1,241.3,2,11,99682.0,1,74,1,63,2908288.0,2,3.3399387336191966,1,0.0,0.0,0,0.0,1,68,1093829.0,1,165.0,0,109,5488468.0,2,41.68410390418855,607,262778.0,6070000,-270000,27401177.0,0.6663879715881373
122,1,68,1093829.0,1,165.0,1,20,456591.0,2,20,2,127,2984240.0,1,3.317554032178896,2,11,330695.0,1,241.3,1,22,564096.0,1,5.559615060663784,0,50.31055900621118,950122.0,2,1.61,0,30,456323.0,1,87.5,1,22,564096.0,1,5.559615060663784,0,43,1599658.0,3,87.5,0,64,1554311.0,2,87.5,0,9,86450.0,1,90,0,72,2083844.0,2,2.91,0,50.31055900621118,950122.0,2,1.61,1,14,1296801.0,5,165.0,0,28,6230115.0,8,41.68410390418855,649,1090833.0,6490000,150000,28932126.0,0.355329926548439
123,1,68,1093829.0,1,165.0,0,9,86450.0,1,90,2,64,3096687.0,2,3.317554032178896,2,11,330695.0,1,241.3,1,22,564096.0,1,5.559615060663784,1,257.14285714285717,3704586.0,1,1.26,1,16,332582.0,1,165.0,0,43,652978.0,1,2.91,1,23,1195315.0,3,165.0,2,23,1015370.0,2,241.3,1,39,415286.0,1,20,0,72,2083844.0,2,2.91,1,0.0,0.0,0,0.0,1,68,1093829.0,1,165.0,1,123,5187514.0,1,74.31094168442486,621,299444.0,6210000,-130000,27232505.0,0.7006587295121021
124,2,46,965477.0,1,241.3,1,20,456591.0,2,20,0,144,2016074.0,1,2.91,1,16,332582.0,1,165.0,2,23,613872.0,1,5.497865533349213,0,50.31055900621118,950122.0,2,1.61,1,16,332582.0,1,165.0,1,22,564096.0,1,5.559615060663784,1,34,1136896.0,2,165.0,1,68,1093829.0,1,165.0,0,9,86450.0,1,90,1,63,2908288.0,2,3.3399387336191966,0,50.31055900621118,950122.0,2,1.61,1,23,1195315.0,3,165.0,0,28,6230115.0,8,41.68410390418855,640,1035833.0,6400000,60000,27328244.0,0.6812064902970429
125,0,64,1554311.0,2,87.5,1,20,456591.0,2,20,2,127,2984240.0,1,3.317554032178896,2,11,597141.0,1,241.3,1,22,564096.0,1,5.559615060663784,0,50.31055900621118,950122.0,2,1.61,0,30,869579.0,1,87.5,2,23,613872.0,1,5.497865533349213,0,43,1599658.0,3,87.5,0,64,1554311.0,2,87.5,1,20,456591.0,2,20,2,64,3096687.0,2,3.317554032178896,0,50.31055900621118,950122.0,2,1.61,2,16,1105070.0,3,241.3,1,31,5734738.0,4,74.31094168442486,644,901389.0,6440000,100000,30528518.0,0.030975180154526383
126,2,46,965477.0,1,241.3,2,11,99682.0,1,74,0,72,2083844.0,2,2.91,1,16,332582.0,1,165.0,2,23,613872.0,1,5.497865533349213,1,257.14285714285717,3704586.0,1,1.26,0,30,456323.0,1,87.5,2,23,613872.0,1,5.497865533349213,0,26,1678737.0,5,87.5,0,26,1678737.0,5,87.5,2,11,99682.0,1,74,0,72,2083844.0,2,2.91,1,0.0,0.0,0,0.0,0,64,1554311.0,2,87.5,0,109,5488468.0,2,41.68410390418855,607,265833.0,6070000,-270000,27519850.0,0.6422760048413704
127,2,46,965477.0,1,241.3,1,20,456591.0,2,20,2,64,3096687.0,2,3.317554032178896,0,30,456323.0,1,87.5,1,22,564096.0,1,5.559615060663784,1,257.14285714285717,3704586.0,1,1.26,1,16,332582.0,1,165.0,1,22,564096.0,1,5.559615060663784,1,23,1195315.0,3,165.0,0,43,1599658.0,3,87.5,0,9,86450.0,1,90,0,72,2083844.0,2,2.91,1,0.0,0.0,0,0.0,2,46,965477.0,1,241.3,1,123,5187514.0,1,74.31094168442486,621,299444.0,6210000,-130000,27638140.0,0.6182418559913787
128,1,68,1093829.0,1,165.0,1,20,456591.0,2,20,2,64,3096687.0,2,3.317554032178896,1,16,332582.0,1,165.0,1,22,564096.0,1,5.559615060663784,1,257.14285714285717,3704586.0,1,1.26,1,16,332582.0,1,165.0,0,43,652978.0,1,2.91,2,23,1015370.0,2,241.3,2,23,1015370.0,2,241.3,0,9,86450.0,1,90,1,63,2908288.0,2,3.3399387336191966,1,0.0,0.0,0,0.0,2,46,965477.0,1,241.3,0,109,5488468.0,2,41.68410390418855,607,299444.0,6070000,-270000,27812798.0,0.5827548632629836
129,2,46,965477.0,1,241.3,2,11,99682.0,1,74,0,144,2016074.0,1,2.91,1,16,332582.0,1,165.0,2,23,613872.0,1,5.497865533349213,0,50.31055900621118,950122.0,2,1.61,2,11,330695.0,1,241.3,1,22,564096.0,1,5.559615060663784,2,46,965477.0,1,241.3,0,64,1554311.0,2,87.5,1,20,456591.0,2,20,0,72,2083844.0,2,2.91,0,50.31055900621118,950122.0,2,1.61,2,12,1154963.0,4,241.3,0,32,6132225.0,7,41.68410390418855,653,944167.0,6530000,190000,26834300.0,0.7815659764713627
130,2,46,965477.0,1,241.3,2,11,99682.0,1,74,2,127,2984240.0,1,3.317554032178896,2,11,330695.0,1,241.3,2,23,613872.0,1,5.497865533349213,0,50.31055900621118,950122.0,2,1.61,2,11,330695.0,1,241.3,0,43,652978.0,1,2.91,0,43,1599658.0,3,87.5,0,64,1554311.0,2,87.5,1,20,456591.0,2,20,0,72,2083844.0,2,2.91,0,50.31055900621118,950122.0,2,1.61,0,13,1840568.0,10,87.5,1,31,5734738.0,4,74.31094168442486,652,1063333.0,6520000,180000,28910926.0,0.35963734015584303
131,0,64,1554311.0,2,87.5,2,11,99682.0,1,74,2,64,3096687.0,2,3.317554032178896,2,11,597141.0,1,241.3,0,43,652978.0,1,2.91,1,257.14285714285717,3704586.0,1,1.26,0,30,869579.0,1,87.5,1,22,564096.0,1,5.559615060663784,2,23,1015370.0,2,241.3,1,23,1195315.0,3,165.0,2,11,99682.0,1,74,2,64,3096687.0,2,3.317554032178896,1,0.0,0.0,0,0.0,0,64,1554311.0,2,87.5,1,123,5187514.0,1,74.31094168442486,621,284167.0,6210000,-130000,29652106.0,0.20904447140415794
132,1,68,1093829.0,1,165.0,0,9,86450.0,1,90,2,127,2984240.0,1,3.317554032178896,0,30,456323.0,1,87.5,0,43,652978.0,1,2.91,0,50.31055900621118,950122.0,2,1.61,2,11,330695.0,1,241.3,0,43,652978.0,1,2.91,1,34,1136896.0,2,165.0,0,64,1554311.0,2,87.5,0,9,86450.0,1,90,1,63,2908288.0,2,3.3399387336191966,0,50.31055900621118,950122.0,2,1.61,0,22,1728875.0,6,87.5,0,28,6230115.0,8,41.68410390418855,640,1100000.0,6400000,60000,29362672.0,0.26785163885912866
133,0,64,1554311.0,2,87.5,2,11,99682.0,1,74,0,72,2083844.0,2,2.91,2,11,597141.0,1,241.3,2,23,613872.0,1,5.497865533349213,1,257.14285714285717,3704586.0,1,1.26,1,16,612761.0,1,165.0,1,22,564096.0,1,5.559615060663784,1,23,1195315.0,3,165.0,2,23,1015370.0,2,241.3,0,9,86450.0,1,90,0,72,2083844.0,2,2.91,1,0.0,0.0,0,0.0,2,46,965477.0,1,241.3,0,109,5488468.0,2,41.68410390418855,607,265833.0,6070000,-270000,26731050.0,0.8025442998187432
134,1,68,1093829.0,1,165.0,2,11,99682.0,1,74,1,63,2908288.0,2,3.3399387336191966,2,11,330695.0,1,241.3,2,23,613872.0,1,5.497865533349213,1,257.14285714285717,3704586.0,1,1.26,0,30,456323.0,1,87.5,1,22,564096.0,1,5.559615060663784,1,23,1195315.0,3,165.0,0,26,1678737.0,5,87.5,1,39,415286.0,1,20,1,63,2908288.0,2,3.3399387336191966,1,0.0,0.0,0,0.0,2,46,965477.0,1,241.3,1,123,5187514.0,1,74.31094168442486,621,296389.0,6210000,-130000,28498377.0,0.4434589994162642
135,1,68,1093829.0,1,165.0,2,11,99682.0,1,74,1,63,2908288.0,2,3.3399387336191966,1,16,332582.0,1,165.0,0,43,652978.0,1,2.91,1,257.14285714285717,3704586.0,1,1.26,2,11,330695.0,1,241.3,0,43,652978.0,1,2.91,1,23,1195315.0,3,165.0,0,43,1599658.0,3,87.5,0,9,86450.0,1,90,1,63,2908288.0,2,3.3399387336191966,1,0.0,0.0,0,0.0,2,46,965477.0,1,241.3,0,109,5488468.0,2,41.68410390418855,607,278056.0,6070000,-270000,28097330.0,0.5249436836147815
136,0,64,1554311.0,2,87.5,2,11,99682.0,1,74,1,63,2908288.0,2,3.3399387336191966,0,30,869579.0,1,87.5,1,22,564096.0,1,5.559615060663784,1,257.14285714285717,3704586.0,1,1.26,1,16,612761.0,1,165.0,2,23,613872.0,1,5.497865533349213,0,26,1678737.0,5,87.5,2,23,1015370.0,2,241.3,2,11,99682.0,1,74,0,72,2083844.0,2,2.91,1,0.0,0.0,0,0.0,2,46,965477.0,1,241.3,1,123,5187514.0,1,74.31094168442486,621,293333.0,6210000,-130000,28331132.0,0.4774398196412778
137,0,64,1554311.0,2,87.5,0,9,86450.0,1,90,1,63,2908288.0,2,3.3399387336191966,2,11,597141.0,1,241.3,2,23,613872.0,1,5.497865533349213,1,257.14285714285717,3704586.0,1,1.26,2,11,597141.0,1,241.3,0,43,652978.0,1,2.91,0,26,1678737.0,5,87.5,0,43,1599658.0,3,87.5,1,39,415286.0,1,20,1,42,2990554.0,3,3.3399387336191966,1,0.0,0.0,0,0.0,0,64,1554311.0,2,87.5,0,109,5488468.0,2,41.68410390418855,607,342222.0,6070000,-270000,30584003.0,0.01970174411646919
138,1,68,1093829.0,1,165.0,2,11,99682.0,1,74,2,64,3096687.0,2,3.317554032178896,2,11,330695.0,1,241.3,0,43,652978.0,1,2.91,1,257.14285714285717,3704586.0,1,1.26,2,11,330695.0,1,241.3,1,22,564096.0,1,5.559615060663784,1,23,1195315.0,3,165.0,2,46,965477.0,1,241.3,2,11,99682.0,1,74,2,64,3096687.0,2,3.317554032178896,1,0.0,0.0,0,0.0,1,68,1093829.0,1,165.0,0,109,5488468.0,2,41.68410390418855,607,284167.0,6070000,-270000,27896873.0,0.5656725142515453
139,0,64,1554311.0,2,87.5,1,20,456591.0,2,20,0,72,2083844.0,2,2.91,2,11,597141.0,1,241.3,2,23,613872.0,1,5.497865533349213,1,257.14285714285717,3704586.0,1,1.26,1,16,612761.0,1,165.0,0,43,652978.0,1,2.91,0,26,1678737.0,5,87.5,0,43,1599658.0,3,87.5,0,9,86450.0,1,90,1,63,2908288.0,2,3.3399387336191966,1,0.0,0.0,0,0.0,1,68,1093829.0,1,165.0,0,109,5488468.0,2,41.68410390418855,607,265833.0,6070000,-270000,29197347.0,0.30144235370083017
140,2,46,965477.0,1,241.3,0,9,86450.0,1,90,2,127,2984240.0,1,3.317554032178896,2,11,330695.0,1,241.3,2,23,613872.0,1,5.497865533349213,0,50.31055900621118,950122.0,2,1.61,1,16,332582.0,1,165.0,0,43,652978.0,1,2.91,2,46,965477.0,1,241.3,2,46,965477.0,1,241.3,1,39,415286.0,1,20,0,72,2083844.0,2,2.91,0,50.31055900621118,950122.0,2,1.61,0,13,1840568.0,10,87.5,0,28,6230115.0,8,41.68410390418855,649,1197778.0,6490000,150000,28205083.0,0.5030504412356018
141,0,64,1554311.0,2,87.5,2,11,99682.0,1,74,1,126,2827968.0,1,3.3399387336191966,0,30,869579.0,1,87.5,0,43,652978.0,1,2.91,0,50.31055900621118,950122.0,2,1.61,2,11,597141.0,1,241.3,1,22,564096.0,1,5.559615060663784,2,46,965477.0,1,241.3,1,68,1093829.0,1,165.0,2,11,99682.0,1,74,2,64,3096687.0,2,3.317554032178896,0,50.31055900621118,950122.0,2,1.61,2,16,1105070.0,3,241.3,1,31,5734738.0,4,74.31094168442486,644,901389.0,6440000,100000,28602871.0,0.42222792028927936
142,0,64,1554311.0,2,87.5,1,20,456591.0,2,20,0,72,2083844.0,2,2.91,0,30,869579.0,1,87.5,1,22,564096.0,1,5.559615060663784,1,257.14285714285717,3704586.0,1,1.26,0,30,869579.0,1,87.5,2,23,613872.0,1,5.497865533349213,0,26,1678737.0,5,87.5,0,26,1678737.0,5,87.5,2,11,99682.0,1,74,0,72,2083844.0,2,2.91,1,0.0,0.0,0,0.0,2,46,965477.0,1,241.3,1,123,5187514.0,1,74.31094168442486,621,262778.0,6210000,-130000,28753227.0,0.39167860517820197
143,1,68,1093829.0,1,165.0,2,11,99682.0,1,74,1,126,2827968.0,1,3.3399387336191966,2,11,330695.0,1,241.3,0,43,652978.0,1,2.91,0,50.31055900621118,950122.0,2,1.61,1,16,332582.0,1,165.0,0,43,652978.0,1,2.91,2,46,965477.0,1,241.3,0,64,1554311.0,2,87.5,2,11,99682.0,1,74,2,64,3096687.0,2,3.317554032178896,0,50.31055900621118,950122.0,2,1.61,2,16,1105070.0,3,241.3,0,32,6132225.0,7,41.68410390418855,645,916667.0,6450000,110000,28321075.0,0.47948319976626186
144,2,46,965477.0,1,241.3,0,9,86450.0,1,90,2,64,3096687.0,2,3.317554032178896,2,11,330695.0,1,241.3,1,22,564096.0,1,5.559615060663784,1,257.14285714285717,3704586.0,1,1.26,0,30,456323.0,1,87.5,1,22,564096.0,1,5.559615060663784,1,23,1195315.0,3,165.0,1,23,1195315.0,3,165.0,1,39,415286.0,1,20,2,64,3096687.0,2,3.317554032178896,1,0.0,0.0,0,0.0,1,68,1093829.0,1,165.0,0,109,5488468.0,2,41.68410390418855,607,299444.0,6070000,-270000,28352754.0,0.4730466641215
145,2,46,965477.0,1,241.3,2,11,99682.0,1,74,0,72,2083844.0,2,2.91,1,16,332582.0,1,165.0,2,23,613872.0,1,5.497865533349213,1,257.14285714285717,3704586.0,1,1.26,2,11,330695.0,1,241.3,1,22,564096.0,1,5.559615060663784,1,23,1195315.0,3,165.0,2,46,965477.0,1,241.3,0,9,86450.0,1,90,1,63,2908288.0,2,3.3399387336191966,1,0.0,0.0,0,0.0,1,68,1093829.0,1,165.0,0,109,5488468.0,2,41.68410390418855,607,265833.0,6070000,-270000,26498494.0,0.8497950016528684
146,0,64,1554311.0,2,87.5,1,20,456591.0,2,20,0,144,2016074.0,1,2.91,0,30,869579.0,1,87.5,1,22,564096.0,1,5.559615060663784,0,50.31055900621118,950122.0,2,1.61,1,16,612761.0,1,165.0,2,23,613872.0,1,5.497865533349213,0,43,1599658.0,3,87.5,1,68,1093829.0,1,165.0,0,9,86450.0,1,90,1,63,2908288.0,2,3.3399387336191966,0,50.31055900621118,950122.0,2,1.61,2,23,1015370.0,2,241.3,0,28,6230115.0,8,41.68410390418855,640,1008333.0,6400000,60000,28989571.0,0.343658257931584
147,0,64,1554311.0,2,87.5,0,9,86450.0,1,90,1,126,2827968.0,1,3.3399387336191966,0,30,869579.0,1,87.5,2,23,613872.0,1,5.497865533349213,0,50.31055900621118,950122.0,2,1.61,2,11,597141.0,1,241.3,1,22,564096.0,1,5.559615060663784,2,46,965477.0,1,241.3,2,46,965477.0,1,241.3,2,11,99682.0,1,74,0,72,2083844.0,2,2.91,0,50.31055900621118,950122.0,2,1.61,1,14,1296801.0,5,165.0,0,28,6230115.0,8,41.68410390418855,649,1090833.0,6490000,150000,28385890.0,0.46631409538117263
148,1,68,1093829.0,1,165.0,0,9,86450.0,1,90,2,64,3096687.0,2,3.317554032178896,1,16,332582.0,1,165.0,1,22,564096.0,1,5.559615060663784,1,257.14285714285717,3704586.0,1,1.26,1,16,332582.0,1,165.0,0,43,652978.0,1,2.91,0,26,1678737.0,5,87.5,0,43,1599658.0,3,87.5,1,39,415286.0,1,20,2,43,3209135.0,3,3.317554032178896,1,0.0,0.0,0,0.0,0,64,1554311.0,2,87.5,0,109,5488468.0,2,41.68410390418855,607,351389.0,6070000,-270000,29960774.0,0.14632934199990366
149,1,68,1093829.0,1,165.0,1,20,456591.0,2,20,0,144,2016074.0,1,2.91,2,11,330695.0,1,241.3,0,43,652978.0,1,2.91,0,50.31055900621118,950122.0,2,1.61,0,30,456323.0,1,87.5,0,43,652978.0,1,2.91,0,43,1599658.0,3,87.5,1,68,1093829.0,1,165.0,1,20,456591.0,2,20,2,64,3096687.0,2,3.317554032178896,0,50.31055900621118,950122.0,2,1.61,1,17,1223030.0,4,165.0,1,31,5734738.0,4,74.31094168442486,644,928889.0,6440000,100000,28233134.0,0.49735104222139004
150,0,64,1554311.0,2,87.5,0,9,86450.0,1,90,2,64,3096687.0,2,3.317554032178896,2,11,597141.0,1,241.3,2,23,613872.0,1,5.497865533349213,1,257.14285714285717,3704586.0,1,1.26,2,11,597141.0,1,241.3,2,23,613872.0,1,5.497865533349213,2,23,1015370.0,2,241.3,0,43,1599658.0,3,87.5,0,9,86450.0,1,90,2,64,3096687.0,2,3.317554032178896,1,0.0,0.0,0,0.0,0,64,1554311.0,2,87.5,1,123,5187514.0,1,74.31094168442486,621,302500.0,6210000,-130000,29786550.0,0.1817281546572792
151,0,64,1554311.0,2,87.5,0,9,86450.0,1,90,1,126,2827968.0,1,3.3399387336191966,1,16,612761.0,1,165.0,2,23,613872.0,1,5.497865533349213,0,50.31055900621118,950122.0,2,1.61,0,30,869579.0,1,87.5,0,43,652978.0,1,2.91,1,34,1136896.0,2,165.0,1,68,1093829.0,1,165.0,1,20,456591.0,2,20,0,72,2083844.0,2,2.91,0,50.31055900621118,950122.0,2,1.61,0,13,1840568.0,10,87.5,1,31,5734738.0,4,74.31094168442486,652,1063333.0,6520000,180000,29227962.0,0.2952220014559871
152,1,68,1093829.0,1,165.0,2,11,99682.0,1,74,0,144,2016074.0,1,2.91,0,30,456323.0,1,87.5,2,23,613872.0,1,5.497865533349213,0,50.31055900621118,950122.0,2,1.61,0,30,456323.0,1,87.5,2,23,613872.0,1,5.497865533349213,0,43,1599658.0,3,87.5,0,64,1554311.0,2,87.5,1,20,456591.0,2,20,2,64,3096687.0,2,3.317554032178896,0,50.31055900621118,950122.0,2,1.61,1,17,1223030.0,4,165.0,1,31,5734738.0,4,74.31094168442486,644,928889.0,6440000,100000,28384123.0,0.46667311424175195
153,0,64,1554311.0,2,87.5,1,20,456591.0,2,20,2,127,2984240.0,1,3.317554032178896,0,30,869579.0,1,87.5,0,43,652978.0,1,2.91,0,50.31055900621118,950122.0,2,1.61,2,11,597141.0,1,241.3,0,43,652978.0,1,2.91,0,43,1599658.0,3,87.5,2,46,965477.0,1,241.3,0,9,86450.0,1,90,1,63,2908288.0,2,3.3399387336191966,0,50.31055900621118,950122.0,2,1.61,1,23,1195315.0,3,165.0,1,25,5950501.0,5,74.31094168442486,637,1106111.0,6370000,30000,29879862.0,0.16276903302831291
154,2,46,965477.0,1,241.3,0,9,86450.0,1,90,0,72,2083844.0,2,2.91,0,30,456323.0,1,87.5,0,43,652978.0,1,2.91,1,257.14285714285717,3704586.0,1,1.26,2,11,330695.0,1,241.3,1,22,564096.0,1,5.559615060663784,0,26,1678737.0,5,87.5,0,43,1599658.0,3,87.5,0,9,86450.0,1,90,2,64,3096687.0,2,3.317554032178896,1,0.0,0.0,0,0.0,0,64,1554311.0,2,87.5,1,123,5187514.0,1,74.31094168442486,621,250556.0,6210000,-130000,28378362.0,0.4678436335715753
155,2,46,965477.0,1,241.3,0,9,86450.0,1,90,0,72,2083844.0,2,2.91,0,30,456323.0,1,87.5,2,23,613872.0,1,5.497865533349213,1,257.14285714285717,3704586.0,1,1.26,2,11,330695.0,1,241.3,1,22,564096.0,1,5.559615060663784,2,23,1015370.0,2,241.3,0,43,1599658.0,3,87.5,2,11,99682.0,1,74,2,64,3096687.0,2,3.317554032178896,1,0.0,0.0,0,0.0,0,64,1554311.0,2,87.5,0,109,5488468.0,2,41.68410390418855,607,265833.0,6070000,-270000,27725352.0,0.6005221316739767
156,2,46,965477.0,1,241.3,0,9,86450.0,1,90,0,144,2016074.0,1,2.91,0,30,456323.0,1,87.5,1,22,564096.0,1,5.559615060663784,0,50.31055900621118,950122.0,2,1.61,1,16,332582.0,1,165.0,1,22,564096.0,1,5.559615060663784,0,43,1599658.0,3,87.5,0,64,1554311.0,2,87.5,2,11,99682.0,1,74,1,63,2908288.0,2,3.3399387336191966,0,50.31055900621118,950122.0,2,1.61,1,23,1195315.0,3,165.0,0,28,6230115.0,8,41.68410390418855,640,1035833.0,6400000,60000,27968544.0,0.5511104085602125
157,0,64,1554311.0,2,87.5,0,9,86450.0,1,90,0,72,2083844.0,2,2.91,2,11,597141.0,1,241.3,2,23,613872.0,1,5.497865533349213,1,257.14285714285717,3704586.0,1,1.26,2,11,597141.0,1,241.3,0,43,652978.0,1,2.91,0,26,1678737.0,5,87.5,1,34,1136896.0,2,165.0,0,9,86450.0,1,90,2,64,3096687.0,2,3.317554032178896,1,0.0,0.0,0,0.0,1,68,1093829.0,1,165.0,1,123,5187514.0,1,74.31094168442486,621,265833.0,6210000,-130000,28516269.0,0.4398237048755249
158,2,46,965477.0,1,241.3,2,11,99682.0,1,74,1,126,2827968.0,1,3.3399387336191966,2,11,330695.0,1,241.3,0,43,652978.0,1,2.91,0,50.31055900621118,950122.0,2,1.61,2,11,330695.0,1,241.3,2,23,613872.0,1,5.497865533349213,0,43,1599658.0,3,87.5,2,46,965477.0,1,241.3,2,11,99682.0,1,74,2,64,3096687.0,2,3.317554032178896,0,50.31055900621118,950122.0,2,1.61,1,17,1223030.0,4,165.0,1,31,5734738.0,4,74.31094168442486,644,928889.0,6440000,100000,27909772.0,0.5630516968873045
159,0,64,1554311.0,2,87.5,1,20,456591.0,2,20,0,72,2083844.0,2,2.91,0,30,869579.0,1,87.5,0,43,652978.0,1,2.91,1,257.14285714285717,3704586.0,1,1.26,1,16,612761.0,1,165.0,2,23,613872.0,1,5.497865533349213,1,23,1195315.0,3,165.0,2,23,1015370.0,2,241.3,1,39,415286.0,1,20,2,64,3096687.0,2,3.317554032178896,1,0.0,0.0,0,0.0,2,46,965477.0,1,241.3,1,123,5187514.0,1,74.31094168442486,621,250556.0,6210000,-130000,28754727.0,0.3913738353474894
160,0,64,1554311.0,2,87.5,2,11,99682.0,1,74,1,126,2827968.0,1,3.3399387336191966,1,16,612761.0,1,165.0,1,22,564096.0,1,5.559615060663784,0,50.31055900621118,950122.0,2,1.61,2,11,597141.0,1,241.3,1,22,564096.0,1,5.559615060663784,1,34,1136896.0,2,165.0,2,46,965477.0,1,241.3,2,11,99682.0,1,74,2,64,3096687.0,2,3.317554032178896,0,50.31055900621118,950122.0,2,1.61,2,16,1105070.0,3,241.3,1,31,5734738.0,4,74.31094168442486,644,901389.0,6440000,100000,28300238.0,0.48371685907463347
161,0,64,1554311.0,2,87.5,2,11,99682.0,1,74,0,144,2016074.0,1,2.91,1,16,612761.0,1,165.0,1,22,564096.0,1,5.559615060663784,0,50.31055900621118,950122.0,2,1.61,2,11,597141.0,1,241.3,0,43,652978.0,1,2.91,0,43,1599658.0,3,87.5,1,68,1093829.0,1,165.0,0,9,86450.0,1,90,1,63,2908288.0,2,3.3399387336191966,0,50.31055900621118,950122.0,2,1.61,1,23,1195315.0,3,165.0,1,25,5950501.0,5,74.31094168442486,637,1106111.0,6370000,30000,28337439.0,0.4761583640930751
162,2,46,965477.0,1,241.3,1,20,456591.0,2,20,1,126,2827968.0,1,3.3399387336191966,2,11,330695.0,1,241.3,2,23,613872.0,1,5.497865533349213,0,50.31055900621118,950122.0,2,1.61,1,16,332582.0,1,165.0,1,22,564096.0,1,5.559615060663784,0,43,1599658.0,3,87.5,1,68,1093829.0,1,165.0,2,11,99682.0,1,74,0,72,2083844.0,2,2.91,0,50.31055900621118,950122.0,2,1.61,1,14,1296801.0,5,165.0,0,28,6230115.0,8,41.68410390418855,649,1090833.0,6490000,150000,28126287.0,0.5190602036228193
163,1,68,1093829.0,1,165.0,1,20,456591.0,2,20,0,144,2016074.0,1,2.91,1,16,332582.0,1,165.0,1,22,564096.0,1,5.559615060663784,0,50.31055900621118,950122.0,2,1.61,0,30,456323.0,1,87.5,1,22,564096.0,1,5.559615060663784,0,43,1599658.0,3,87.5,1,68,1093829.0,1,165.0,0,9,86450.0,1,90,2,64,3096687.0,2,3.317554032178896,0,50.31055900621118,950122.0,2,1.61,1,17,1223030.0,4,165.0,0,32,6132225.0,7,41.68410390418855,645,944167.0,6450000,110000,28119881.0,0.520361773979849
164,2,46,965477.0,1,241.3,2,11,99682.0,1,74,1,126,2827968.0,1,3.3399387336191966,2,11,330695.0,1,241.3,1,22,564096.0,1,5.559615060663784,0,50.31055900621118,950122.0,2,1.61,0,30,456323.0,1,87.5,1,22,564096.0,1,5.559615060663784,2,46,965477.0,1,241.3,1,68,1093829.0,1,165.0,0,9,86450.0,1,90,0,72,2083844.0,2,2.91,0,50.31055900621118,950122.0,2,1.61,1,14,1296801.0,5,165.0,1,25,5950501.0,5,74.31094168442486,646,1161111.0,6460000,120000,26926594.0,0.7628136919675066
165,1,68,1093829.0,1,165.0,2,11,99682.0,1,74,2,64,3096687.0,2,3.317554032178896,0,30,456323.0,1,87.5,1,22,564096.0,1,5.559615060663784,1,257.14285714285717,3704586.0,1,1.26,2,11,330695.0,1,241.3,0,43,652978.0,1,2.91,0,26,1678737.0,5,87.5,0,43,1599658.0,3,87.5,2,11,99682.0,1,74,1,63,2908288.0,2,3.3399387336191966,1,0.0,0.0,0,0.0,0,64,1554311.0,2,87.5,0,109,5488468.0,2,41.68410390418855,607,299444.0,6070000,-270000,29427464.0,0.2546872076114437
166,1,68,1093829.0,1,165.0,2,11,99682.0,1,74,0,72,2083844.0,2,2.91,0,30,456323.0,1,87.5,0,43,652978.0,1,2.91,1,257.14285714285717,3704586.0,1,1.26,1,16,332582.0,1,165.0,2,23,613872.0,1,5.497865533349213,2,23,1015370.0,2,241.3,2,23,1015370.0,2,241.3,2,11,99682.0,1,74,2,64,3096687.0,2,3.317554032178896,1,0.0,0.0,0,0.0,0,64,1554311.0,2,87.5,1,123,5187514.0,1,74.31094168442486,621,250556.0,6210000,-130000,27337186.0,0.6793896557462218
167,2,46,965477.0,1,241.3,2,11,99682.0,1,74,2,64,3096687.0,2,3.317554032178896,0,30,456323.0,1,87.5,0,43,652978.0,1,2.91,1,257.14285714285717,3704586.0,1,1.26,2,11,330695.0,1,241.3,1,22,564096.0,1,5.559615060663784,1,23,1195315.0,3,165.0,0,43,1599658.0,3,87.5,2,11,99682.0,1,74,0,72,2083844.0,2,2.91,1,0.0,0.0,0,0.0,2,46,965477.0,1,241.3,1,123,5187514.0,1,74.31094168442486,621,284167.0,6210000,-130000,27366181.0,0.6734984549185482
168,0,64,1554311.0,2,87.5,0,9,86450.0,1,90,0,72,2083844.0,2,2.91,2,11,597141.0,1,241.3,0,43,652978.0,1,2.91,1,257.14285714285717,3704586.0,1,1.26,1,16,612761.0,1,165.0,2,23,613872.0,1,5.497865533349213,0,26,1678737.0,5,87.5,2,23,1015370.0,2,241.3,2,11,99682.0,1,74,2,64,3096687.0,2,3.317554032178896,1,0.0,0.0,0,0.0,2,46,965477.0,1,241.3,0,109,5488468.0,2,41.68410390418855,607,250556.0,6070000,-270000,28300920.0,0.4835782903916028
169,1,68,1093829.0,1,165.0,2,11,99682.0,1,74,1,63,2908288.0,2,3.3399387336191966,2,11,330695.0,1,241.3,2,23,613872.0,1,5.497865533349213,1,257.14285714285717,3704586.0,1,1.26,0,30,456323.0,1,87.5,2,23,613872.0,1,5.497865533349213,2,23,1015370.0,2,241.3,0,26,1678737.0,5,87.5,0,9,86450.0,1,90,1,63,2908288.0,2,3.3399387336191966,1,0.0,0.0,0,0.0,1,68,1093829.0,1,165.0,0,109,5488468.0,2,41.68410390418855,607,296389.0,6070000,-270000,28188678.0,0.5063836072841614
170,2,46,965477.0,1,241.3,0,9,86450.0,1,90,2,64,3096687.0,2,3.317554032178896,2,11,330695.0,1,241.3,0,43,652978.0,1,2.91,1,257.14285714285717,3704586.0,1,1.26,2,11,330695.0,1,241.3,0,43,652978.0,1,2.91,2,23,1015370.0,2,241.3,2,46,965477.0,1,241.3,0,9,86450.0,1,90,1,63,2908288.0,2,3.3399387336191966,1,0.0,0.0,0,0.0,2,46,965477.0,1,241.3,0,109,5488468.0,2,41.68410390418855,607,284167.0,6070000,-270000,27334243.0,0.6799876141540798
171,0,64,1554311.0,2,87.5,0,9,86450.0,1,90,0,144,2016074.0,1,2.91,0,30,869579.0,1,87.5,2,23,613872.0,1,5.497865533349213,0,50.31055900621118,950122.0,2,1.61,0,30,869579.0,1,87.5,2,23,613872.0,1,5.497865533349213,0,43,1599658.0,3,87.5,2,46,965477.0,1,241.3,0,9,86450.0,1,90,0,72,2083844.0,2,2.91,0,50.31055900621118,950122.0,2,1.61,2,12,1154963.0,4,241.3,1,31,5734738.0,4,74.31094168442486,652,928889.0,6520000,180000,27778000.0,0.5898251169757405
172,1,68,1093829.0,1,165.0,1,20,456591.0,2,20,0,144,2016074.0,1,2.91,2,11,330695.0,1,241.3,0,43,652978.0,1,2.91,0,50.31055900621118,950122.0,2,1.61,2,11,330695.0,1,241.3,2,23,613872.0,1,5.497865533349213,0,43,1599658.0,3,87.5,1,68,1093829.0,1,165.0,2,11,99682.0,1,74,1,63,2908288.0,2,3.3399387336191966,0,50.31055900621118,950122.0,2,1.61,0,22,1728875.0,6,87.5,1,31,5734738.0,4,74.31094168442486,643,965556.0,6430000,90000,28045604.0,0.5354533664570731
173,0,64,1554311.0,2,87.5,2,11,99682.0,1,74,1,63,2908288.0,2,3.3399387336191966,2,11,597141.0,1,241.3,1,22,564096.0,1,5.559615060663784,1,257.14285714285717,3704586.0,1,1.26,0,30,869579.0,1,87.5,2,23,613872.0,1,5.497865533349213,0,26,1678737.0,5,87.5,2,23,1015370.0,2,241.3,0,9,86450.0,1,90,2,64,3096687.0,2,3.317554032178896,1,0.0,0.0,0,0.0,2,46,965477.0,1,241.3,1,123,5187514.0,1,74.31094168442486,621,293333.0,6210000,-130000,29315123.0,0.2775126393128293
174,0,64,1554311.0,2,87.5,0,9,86450.0,1,90,2,127,2984240.0,1,3.317554032178896,0,30,869579.0,1,87.5,1,22,564096.0,1,5.559615060663784,0,50.31055900621118,950122.0,2,1.61,1,16,612761.0,1,165.0,2,23,613872.0,1,5.497865533349213,0,43,1599658.0,3,87.5,1,68,1093829.0,1,165.0,1,20,456591.0,2,20,0,72,2083844.0,2,2.91,0,50.31055900621118,950122.0,2,1.61,2,12,1154963.0,4,241.3,0,32,6132225.0,7,41.68410390418855,653,944167.0,6530000,190000,29370830.0,0.2661940973398267
175,1,68,1093829.0,1,165.0,0,9,86450.0,1,90,0,72,2083844.0,2,2.91,1,16,332582.0,1,165.0,0,43,652978.0,1,2.91,1,257.14285714285717,3704586.0,1,1.26,0,30,456323.0,1,87.5,0,43,652978.0,1,2.91,2,23,1015370.0,2,241.3,2,23,1015370.0,2,241.3,2,11,99682.0,1,74,1,63,2908288.0,2,3.3399387336191966,1,0.0,0.0,0,0.0,2,46,965477.0,1,241.3,1,123,5187514.0,1,74.31094168442486,621,247500.0,6210000,-130000,26582771.0,0.8326716103042273
176,1,68,1093829.0,1,165.0,1,20,456591.0,2,20,0,72,2083844.0,2,2.91,0,30,456323.0,1,87.5,0,43,652978.0,1,2.91,1,257.14285714285717,3704586.0,1,1.26,2,11,330695.0,1,241.3,2,23,613872.0,1,5.497865533349213,1,23,1195315.0,3,165.0,1,34,1136896.0,2,165.0,2,11,99682.0,1,74,0,72,2083844.0,2,2.91,1,0.0,0.0,0,0.0,1,68,1093829.0,1,165.0,1,123,5187514.0,1,74.31094168442486,621,247500.0,6210000,-130000,26517298.0,0.8459744070550559
177,0,64,1554311.0,2,87.5,0,9,86450.0,1,90,2,127,2984240.0,1,3.317554032178896,1,16,612761.0,1,165.0,1,22,564096.0,1,5.559615060663784,0,50.31055900621118,950122.0,2,1.61,1,16,612761.0,1,165.0,2,23,613872.0,1,5.497865533349213,1,34,1136896.0,2,165.0,0,64,1554311.0,2,87.5,2,11,99682.0,1,74,2,64,3096687.0,2,3.317554032178896,0,50.31055900621118,950122.0,2,1.61,1,17,1223030.0,4,165.0,0,32,6132225.0,7,41.68410390418855,645,944167.0,6450000,110000,29675733.0,0.20424394021066095
178,2,46,965477.0,1,241.3,0,9,86450.0,1,90,2,64,3096687.0,2,3.317554032178896,2,11,330695.0,1,241.3,2,23,613872.0,1,5.497865533349213,1,257.14285714285717,3704586.0,1,1.26,2,11,330695.0,1,241.3,1,22,564096.0,1,5.559615060663784,0,26,1678737.0,5,87.5,1,34,1136896.0,2,165.0,2,11,99682.0,1,74,0,72,2083844.0,2,2.91,1,0.0,0.0,0,0.0,2,46,965477.0,1,241.3,1,123,5187514.0,1,74.31094168442486,621,302500.0,6210000,-130000,27227208.0,0.7017349733742917
179,0,64,1554311.0,2,87.5,1,20,456591.0,2,20,1,63,2908288.0,2,3.3399387336191966,0,30,869579.0,1,87.5,0,43,652978.0,1,2.91,1,257.14285714285717,3704586.0,1,1.26,1,16,612761.0,1,165.0,2,23,613872.0,1,5.497865533349213,0,26,1678737.0,5,87.5,2,23,1015370.0,2,241.3,2,11,99682.0,1,74,2,64,3096687.0,2,3.317554032178896,1,0.0,0.0,0,0.0,0,64,1554311.0,2,87.5,1,123,5187514.0,1,74.31094168442486,621,278056.0,6210000,-130000,30363323.0,0.06453948161089951
180,2,46,965477.0,1,241.3,2,11,99682.0,1,74,0,144,2016074.0,1,2.91,0,30,456323.0,1,87.5,1,22,564096.0,1,5.559615060663784,0,50.31055900621118,950122.0,2,1.61,0,30,456323.0,1,87.5,0,43,652978.0,1,2.91,2,46,965477.0,1,241.3,1,68,1093829.0,1,165.0,1,13,469237.0,3,20,2,64,3096687.0,2,3.317554032178896,0,50.31055900621118,950122.0,2,1.61,1,17,1223030.0,4,165.0,0,32,6132225.0,7,41.68410390418855,645,944167.0,6450000,110000,27595849.0,0.6268345365984883
181,2,46,965477.0,1,241.3,0,9,86450.0,1,90,0,144,2016074.0,1,2.91,0,30,456323.0,1,87.5,1,22,564096.0,1,5.559615060663784,0,50.31055900621118,950122.0,2,1.61,0,30,456323.0,1,87.5,1,22,564096.0,1,5.559615060663784,2,46,965477.0,1,241.3,1,68,1093829.0,1,165.0,1,13,469237.0,3,20,2,64,3096687.0,2,3.317554032178896,0,50.31055900621118,950122.0,2,1.61,2,16,1105070.0,3,241.3,1,31,5734738.0,4,74.31094168442486,644,901389.0,6440000,100000,26915510.0,0.7650657378365853
182,0,64,1554311.0,2,87.5,1,20,456591.0,2,20,2,127,2984240.0,1,3.317554032178896,0,30,869579.0,1,87.5,0,43,652978.0,1,2.91,0,50.31055900621118,950122.0,2,1.61,1,16,612761.0,1,165.0,2,23,613872.0,1,5.497865533349213,2,46,965477.0,1,241.3,1,68,1093829.0,1,165.0,2,11,99682.0,1,74,1,63,2908288.0,2,3.3399387336191966,0,50.31055900621118,950122.0,2,1.61,2,23,1015370.0,2,241.3,1,25,5950501.0,5,74.31094168442486,637,1078611.0,6370000,30000,29156334.0,0.30977537041217273
183,2,46,965477.0,1,241.3,1,20,456591.0,2,20,1,63,2908288.0,2,3.3399387336191966,0,30,456323.0,1,87.5,1,22,564096.0,1,5.559615060663784,1,257.14285714285717,3704586.0,1,1.26,0,30,456323.0,1,87.5,2,23,613872.0,1,5.497865533349213,2,23,1015370.0,2,241.3,2,23,1015370.0,2,241.3,1,39,415286.0,1,20,0,72,2083844.0,2,2.91,1,0.0,0.0,0,0.0,2,46,965477.0,1,241.3,1,123,5187514.0,1,74.31094168442486,621,293333.0,6210000,-130000,27181750.0,0.7109711246839792
184,1,68,1093829.0,1,165.0,2,11,99682.0,1,74,1,126,2827968.0,1,3.3399387336191966,2,11,330695.0,1,241.3,1,22,564096.0,1,5.559615060663784,0,50.31055900621118,950122.0,2,1.61,0,30,456323.0,1,87.5,2,23,613872.0,1,5.497865533349213,0,43,1599658.0,3,87.5,2,46,965477.0,1,241.3,1,39,415286.0,1,20,1,63,2908288.0,2,3.3399387336191966,0,50.31055900621118,950122.0,2,1.61,0,22,1728875.0,6,87.5,1,31,5734738.0,4,74.31094168442486,643,965556.0,6430000,90000,28724587.0,0.3974976771459402
185,1,68,1093829.0,1,165.0,2,11,99682.0,1,74,0,144,2016074.0,1,2.91,1,16,332582.0,1,165.0,0,43,652978.0,1,2.91,0,50.31055900621118,950122.0,2,1.61,1,16,332582.0,1,165.0,0,43,652978.0,1,2.91,2,46,965477.0,1,241.3,1,68,1093829.0,1,165.0,1,13,469237.0,3,20,2,64,3096687.0,2,3.317554032178896,0,50.31055900621118,950122.0,2,1.61,1,17,1223030.0,4,165.0,1,31,5734738.0,4,74.31094168442486,644,928889.0,6440000,100000,27132836.0,0.7209094656836281
186,0,64,1554311.0,2,87.5,1,20,456591.0,2,20,1,63,2908288.0,2,3.3399387336191966,1,16,612761.0,1,165.0,1,22,564096.0,1,5.559615060663784,1,257.14285714285717,3704586.0,1,1.26,1,16,612761.0,1,165.0,1,22,564096.0,1,5.559615060663784,0,26,1678737.0,5,87.5,1,34,1136896.0,2,165.0,2,11,99682.0,1,74,1,63,2908288.0,2,3.3399387336191966,1,0.0,0.0,0,0.0,1,68,1093829.0,1,165.0,1,123,5187514.0,1,74.31094168442486,621,293333.0,6210000,-130000,29455769.0,0.24893620090589785
187,2,46,965477.0,1,241.3,0,9,86450.0,1,90,1,63,2908288.0,2,3.3399387336191966,1,16,332582.0,1,165.0,1,22,564096.0,1,5.559615060663784,1,257.14285714285717,3704586.0,1,1.26,1,16,332582.0,1,165.0,0,43,652978.0,1,2.91,2,23,1015370.0,2,241.3,1,34,1136896.0,2,165.0,0,9,86450.0,1,90,0,72,2083844.0,2,2.91,1,0.0,0.0,0,0.0,0,64,1554311.0,2,87.5,1,123,5187514.0,1,74.31094168442486,621,293333.0,6210000,-130000,26984757.0,0.750996140191684
188,2,46,965477.0,1,241.3,0,9,86450.0,1,90,0,144,2016074.0,1,2.91,2,11,330695.0,1,241.3,0,43,652978.0,1,2.91,0,50.31055900621118,950122.0,2,1.61,1,16,332582.0,1,165.0,0,43,652978.0,1,2.91,0,43,1599658.0,3,87.5,0,64,1554311.0,2,87.5,1,20,456591.0,2,20,1,63,2908288.0,2,3.3399387336191966,0,50.31055900621118,950122.0,2,1.61,0,22,1728875.0,6,87.5,1,31,5734738.0,4,74.31094168442486,643,965556.0,6430000,90000,28405495.0,0.46233075369375953
189,1,68,1093829.0,1,165.0,1,20,456591.0,2,20,2,127,2984240.0,1,3.317554032178896,1,16,332582.0,1,165.0,1,22,564096.0,1,5.559615060663784,0,50.31055900621118,950122.0,2,1.61,1,16,332582.0,1,165.0,1,22,564096.0,1,5.559615060663784,2,46,965477.0,1,241.3,0,64,1554311.0,2,87.5,2,11,99682.0,1,74,2,64,3096687.0,2,3.317554032178896,0,50.31055900621118,950122.0,2,1.61,2,16,1105070.0,3,241.3,1,31,5734738.0,4,74.31094168442486,644,901389.0,6440000,100000,28225614.0,0.49887895497269563
190,1,68,1093829.0,1,165.0,0,9,86450.0,1,90,0,72,2083844.0,2,2.91,1,16,332582.0,1,165.0,0,43,652978.0,1,2.91,1,257.14285714285717,3704586.0,1,1.26,0,30,456323.0,1,87.5,0,43,652978.0,1,2.91,1,23,1195315.0,3,165.0,2,23,1015370.0,2,241.3,0,9,86450.0,1,90,2,64,3096687.0,2,3.317554032178896,1,0.0,0.0,0,0.0,2,46,965477.0,1,241.3,1,123,5187514.0,1,74.31094168442486,621,250556.0,6210000,-130000,26940939.0,0.7598990764864589
191,1,68,1093829.0,1,165.0,2,11,99682.0,1,74,1,126,2827968.0,1,3.3399387336191966,0,30,456323.0,1,87.5,0,43,652978.0,1,2.91,0,50.31055900621118,950122.0,2,1.61,0,30,456323.0,1,87.5,1,22,564096.0,1,5.559615060663784,0,43,1599658.0,3,87.5,0,64,1554311.0,2,87.5,0,9,86450.0,1,90,1,63,2908288.0,2,3.3399387336191966,0,50.31055900621118,950122.0,2,1.61,1,23,1195315.0,3,165.0,0,28,6230115.0,8,41.68410390418855,640,1035833.0,6400000,60000,29121413.0,0.3168706152510481
192,0,64,1554311.0,2,87.5,2,11,99682.0,1,74,2,127,2984240.0,1,3.317554032178896,2,11,597141.0,1,241.3,1,22,564096.0,1,5.559615060663784,0,50.31055900621118,950122.0,2,1.61,0,30,869579.0,1,87.5,1,22,564096.0,1,5.559615060663784,2,46,965477.0,1,241.3,2,46,965477.0,1,241.3,0,9,86450.0,1,90,0,72,2083844.0,2,2.91,0,50.31055900621118,950122.0,2,1.61,2,12,1154963.0,4,241.3,0,32,6132225.0,7,41.68410390418855,653,944167.0,6530000,190000,28185992.0,0.5069293484610241
193,0,64,1554311.0,2,87.5,1,20,456591.0,2,20,1,126,2827968.0,1,3.3399387336191966,2,11,597141.0,1,241.3,1,22,564096.0,1,5.559615060663784,0,50.31055900621118,950122.0,2,1.61,0,30,869579.0,1,87.5,1,22,564096.0,1,5.559615060663784,1,34,1136896.0,2,165.0,0,64,1554311.0,2,87.5,2,11,99682.0,1,74,1,63,2908288.0,2,3.3399387336191966,0,50.31055900621118,950122.0,2,1.61,2,23,1015370.0,2,241.3,0,28,6230115.0,8,41.68410390418855,640,1008333.0,6400000,60000,29747021.0,0.18975965241610349
194,1,68,1093829.0,1,165.0,1,20,456591.0,2,20,2,64,3096687.0,2,3.317554032178896,1,16,332582.0,1,165.0,2,23,613872.0,1,5.497865533349213,1,257.14285714285717,3704586.0,1,1.26,0,30,456323.0,1,87.5,0,43,652978.0,1,2.91,0,26,1678737.0,5,87.5,1,23,1195315.0,3,165.0,1,39,415286.0,1,20,0,48,2153560.0,3,2.91,1,0.0,0.0,0,0.0,0,64,1554311.0,2,87.5,0,109,5488468.0,2,41.68410390418855,607,302500.0,6070000,-270000,28995625.0,0.3424282068948282
195,0,64,1554311.0,2,87.5,0,9,86450.0,1,90,2,64,3096687.0,2,3.317554032178896,2,11,597141.0,1,241.3,2,23,613872.0,1,5.497865533349213,1,257.14285714285717,3704586.0,1,1.26,1,16,612761.0,1,165.0,1,22,564096.0,1,5.559615060663784,1,23,1195315.0,3,165.0,1,34,1136896.0,2,165.0,0,9,86450.0,1,90,2,64,3096687.0,2,3.317554032178896,1,0.0,0.0,0,0.0,2,46,965477.0,1,241.3,0,109,5488468.0,2,41.68410390418855,607,302500.0,6070000,-270000,28901697.0,0.36151248733427377
196,1,68,1093829.0,1,165.0,1,20,456591.0,2,20,2,64,3096687.0,2,3.317554032178896,1,16,332582.0,1,165.0,0,43,652978.0,1,2.91,1,257.14285714285717,3704586.0,1,1.26,0,30,456323.0,1,87.5,2,23,613872.0,1,5.497865533349213,1,23,1195315.0,3,165.0,2,23,1015370.0,2,241.3,1,39,415286.0,1,20,0,72,2083844.0,2,2.91,1,0.0,0.0,0,0.0,2,46,965477.0,1,241.3,1,123,5187514.0,1,74.31094168442486,621,284167.0,6210000,-130000,27634421.0,0.6189974819916586
197,0,64,1554311.0,2,87.5,0,9,86450.0,1,90,2,127,2984240.0,1,3.317554032178896,1,16,612761.0,1,165.0,0,43,652978.0,1,2.91,0,50.31055900621118,950122.0,2,1.61,1,16,612761.0,1,165.0,1,22,564096.0,1,5.559615060663784,0,43,1599658.0,3,87.5,0,64,1554311.0,2,87.5,0,9,86450.0,1,90,0,72,2083844.0,2,2.91,0,50.31055900621118,950122.0,2,1.61,0,13,1840568.0,10,87.5,1,31,5734738.0,4,74.31094168442486,652,1063333.0,6520000,180000,29630743.0,0.213385003333166
198,1,68,1093829.0,1,165.0,0,9,86450.0,1,90,0,144,2016074.0,1,2.91,2,11,330695.0,1,241.3,2,23,613872.0,1,5.497865533349213,0,50.31055900621118,950122.0,2,1.61,2,11,330695.0,1,241.3,2,23,613872.0,1,5.497865533349213,1,34,1136896.0,2,165.0,1,68,1093829.0,1,165.0,0,9,86450.0,1,90,2,64,3096687.0,2,3.317554032178896,0,50.31055900621118,950122.0,2,1.61,0,22,1728875.0,6,87.5,1,25,5950501.0,5,74.31094168442486,638,1170278.0,6380000,40000,27669247.0,0.6119215392420618
199,0,64,1554311.0,2,87.5,0,9,86450.0,1,90,1,63,2908288.0,2,3.3399387336191966,0,30,869579.0,1,87.5,2,23,613872.0,1,5.497865533349213,1,257.14285714285717,3704586.0,1,1.26,2,11,597141.0,1,241.3,1,22,564096.0,1,5.559615060663784,2,23,1015370.0,2,241.3,1,34,1136896.0,2,165.0,1,39,415286.0,1,20,1,42,2990554.0,3,3.3399387336191966,1,0.0,0.0,0,0.0,1,68,1093829.0,1,165.0,1,123,5187514.0,1,74.31094168442486,621,342222.0,6210000,-130000,29159994.0,0.30903173202523415
200,2,46,965477.0,1,241.3,1,20,456591.0,2,20,0,144,2016074.0,1,2.91,0,30,456323.0,1,87.5,2,23,613872.0,1,5.497865533349213,0,50.31055900621118,950122.0,2,1.61,0,30,456323.0,1,87.5,1,22,564096.0,1,5.559615060663784,2,46,965477.0,1,241.3,1,68,1093829.0,1,165.0,0,9,86450.0,1,90,0,72,2083844.0,2,2.91,0,50.31055900621118,950122.0,2,1.61,0,13,1840568.0,10,87.5,1,31,5734738.0,4,74.31094168442486,652,1063333.0,6520000,180000,26997239.0,0.7484600488403812
201,2,46,965477.0,1,241.3,0,9,86450.0,1,90,0,72,2083844.0,2,2.91,1,16,332582.0,1,165.0,2,23,613872.0,1,5.497865533349213,1,257.14285714285717,3704586.0,1,1.26,0,30,456323.0,1,87.5,1,22,564096.0,1,5.559615060663784,1,23,1195315.0,3,165.0,1,23,1195315.0,3,165.0,1,39,415286.0,1,20,1,63,2908288.0,2,3.3399387336191966,1,0.0,0.0,0,0.0,1,68,1093829.0,1,165.0,1,123,5187514.0,1,74.31094168442486,621,265833.0,6210000,-130000,27148610.0,0.717704506143855
202,0,64,1554311.0,2,87.5,1,20,456591.0,2,20,1,63,2908288.0,2,3.3399387336191966,1,16,612761.0,1,165.0,2,23,613872.0,1,5.497865533349213,1,257.14285714285717,3704586.0,1,1.26,2,11,597141.0,1,241.3,2,23,613872.0,1,5.497865533349213,1,23,1195315.0,3,165.0,2,46,965477.0,1,241.3,1,39,415286.0,1,20,2,43,3209135.0,3,3.317554032178896,1,0.0,0.0,0,0.0,1,68,1093829.0,1,165.0,1,123,5187514.0,1,74.31094168442486,621,351389.0,6210000,-130000,29559367.0,0.22788717095779198
203,2,46,965477.0,1,241.3,2,11,99682.0,1,74,2,127,2984240.0,1,3.317554032178896,0,30,456323.0,1,87.5,1,22,564096.0,1,5.559615060663784,0,50.31055900621118,950122.0,2,1.61,0,30,456323.0,1,87.5,0,43,652978.0,1,2.91,0,43,1599658.0,3,87.5,1,68,1093829.0,1,165.0,0,9,86450.0,1,90,0,72,2083844.0,2,2.91,0,50.31055900621118,950122.0,2,1.61,2,12,1154963.0,4,241.3,1,31,5734738.0,4,74.31094168442486,652,928889.0,6520000,180000,27461734.0,0.6540840071624974
204,1,68,1093829.0,1,165.0,1,20,456591.0,2,20,2,127,2984240.0,1,3.317554032178896,1,16,332582.0,1,165.0,2,23,613872.0,1,5.497865533349213,0,50.31055900621118,950122.0,2,1.61,0,30,456323.0,1,87.5,0,43,652978.0,1,2.91,0,43,1599658.0,3,87.5,2,46,965477.0,1,241.3,1,39,415286.0,1,20,2,64,3096687.0,2,3.317554032178896,0,50.31055900621118,950122.0,2,1.61,0,22,1728875.0,6,87.5,1,25,5950501.0,5,74.31094168442486,638,1170278.0,6380000,40000,29837421.0,0.17139219061849376
205,0,64,1554311.0,2,87.5,2,11,99682.0,1,74,1,63,2908288.0,2,3.3399387336191966,0,30,869579.0,1,87.5,0,43,652978.0,1,2.91,1,257.14285714285717,3704586.0,1,1.26,0,30,869579.0,1,87.5,0,43,652978.0,1,2.91,2,23,1015370.0,2,241.3,1,23,1195315.0,3,165.0,1,39,415286.0,1,20,2,64,3096687.0,2,3.317554032178896,1,0.0,0.0,0,0.0,1,68,1093829.0,1,165.0,1,123,5187514.0,1,74.31094168442486,621,278056.0,6210000,-130000,29674038.0,0.20458833011936617
206,1,68,1093829.0,1,165.0,2,11,99682.0,1,74,0,72,2083844.0,2,2.91,2,11,330695.0,1,241.3,2,23,613872.0,1,5.497865533349213,1,257.14285714285717,3704586.0,1,1.26,2,11,330695.0,1,241.3,2,23,613872.0,1,5.497865533349213,0,26,1678737.0,5,87.5,0,43,1599658.0,3,87.5,0,9,86450.0,1,90,0,72,2083844.0,2,2.91,1,0.0,0.0,0,0.0,1,68,1093829.0,1,165.0,0,109,5488468.0,2,41.68410390418855,607,265833.0,6070000,-270000,26967894.0,0.7544223626285544
207,1,68,1093829.0,1,165.0,2,11,99682.0,1,74,0,144,2016074.0,1,2.91,0,30,456323.0,1,87.5,1,22,564096.0,1,5.559615060663784,0,50.31055900621118,950122.0,2,1.61,0,30,456323.0,1,87.5,2,23,613872.0,1,5.497865533349213,0,43,1599658.0,3,87.5,0,64,1554311.0,2,87.5,2,11,99682.0,1,74,2,64,3096687.0,2,3.317554032178896,0,50.31055900621118,950122.0,2,1.61,0,22,1728875.0,6,87.5,1,25,5950501.0,5,74.31094168442486,638,1170278.0,6380000,40000,28820435.0,0.3780232913231826
208,2,46,965477.0,1,241.3,2,11,99682.0,1,74,0,144,2016074.0,1,2.91,0,30,456323.0,1,87.5,0,43,652978.0,1,2.91,0,50.31055900621118,950122.0,2,1.61,1,16,332582.0,1,165.0,1,22,564096.0,1,5.559615060663784,0,43,1599658.0,3,87.5,0,64,1554311.0,2,87.5,0,9,86450.0,1,90,2,64,3096687.0,2,3.317554032178896,0,50.31055900621118,950122.0,2,1.61,1,17,1223030.0,4,165.0,1,31,5734738.0,4,74.31094168442486,644,928889.0,6440000,100000,27751219.0,0.5952664775332823
209,1,68,1093829.0,1,165.0,1,20,456591.0,2,20,2,127,2984240.0,1,3.317554032178896,0,30,456323.0,1,87.5,2,23,613872.0,1,5.497865533349213,0,50.31055900621118,950122.0,2,1.61,2,11,330695.0,1,241.3,0,43,652978.0,1,2.91,0,43,1599658.0,3,87.5,0,64,1554311.0,2,87.5,0,9,86450.0,1,90,1,63,2908288.0,2,3.3399387336191966,0,50.31055900621118,950122.0,2,1.61,2,23,1015370.0,2,241.3,0,28,6230115.0,8,41.68410390418855,640,1008333.0,6400000,60000,29351297.0,0.27016281007536547
210,1,68,1093829.0,1,165.0,0,9,86450.0,1,90,2,64,3096687.0,2,3.317554032178896,0,30,456323.0,1,87.5,1,22,564096.0,1,5.559615060663784,1,257.14285714285717,3704586.0,1,1.26,1,16,332582.0,1,165.0,2,23,613872.0,1,5.497865533349213,1,23,1195315.0,3,165.0,2,23,1015370.0,2,241.3,0,9,86450.0,1,90,0,72,2083844.0,2,2.91,1,0.0,0.0,0,0.0,0,64,1554311.0,2,87.5,1,123,5187514.0,1,74.31094168442486,621,299444.0,6210000,-130000,27450673.0,0.6563313798941717
211,2,46,965477.0,1,241.3,2,11,99682.0,1,74,1,63,2908288.0,2,3.3399387336191966,1,16,332582.0,1,165.0,0,43,652978.0,1,2.91,1,257.14285714285717,3704586.0,1,1.26,1,16,332582.0,1,165.0,0,43,652978.0,1,2.91,1,23,1195315.0,3,165.0,0,43,1599658.0,3,87.5,0,9,86450.0,1,90,1,63,2908288.0,2,3.3399387336191966,1,0.0,0.0,0,0.0,0,64,1554311.0,2,87.5,1,123,5187514.0,1,74.31094168442486,621,278056.0,6210000,-130000,28538745.0,0.4352570337321281
